Blue Mountain,Jamaica,Fruity
Lavazza,Colombia,Strong
Folgers,America,Smokey
1X6,YY091X,5
1X6,YY091X,5
1X6,YY091X,5
1X6,YY091X,5
1X6,YY091X,5
1X6,YY091X,5
1X6,YY091X,5
1Y4,YY091Y,2
1Z1,YY091Z,3
EX9,YY0SEX,1
QW1,YY0UQW,3
KS8,YY0WKS,3
444,YY2D5U,1
169,YY2DUY,2
326,YY2DUZ,1
599,YY2DVA,9
839,YY2DVF,9
912,YY2DVG,9
563,YY2DVM,9
647,YY2DVN,9
993,YY2DVQ,9
298,YY2DVR,9
371,YY2DVS,9
454,YY2DVT,8
538,YY2DVU,9
611,YY2DVV,9
702,YY2DVW,9
967,YY2DVY,8
007,YY2DVZ,9
189,YY2DWA,8
262,YY2DWB,9
346,YY2DWC,9
692,YY2DWD,9
858,YY2DWE,9
932,YY2DWF,9
070,YY2DWG,9
237,YY2DWJ,9
740,YY2DWP,9
390,YY2DWV,9
630,YY2DWY,9
713,YY2DWZ,9
521,YY2DXH,9
794,YY2DXJ,9
877,YY2DXK,9
339,YY2DXQ,1
503,YY2DXR,9
685,YY2DXS,9
768,YY2DXT,9
842,YY2DXU,9
925,YY2DXV,9
063,YY2DXW,9
220,YY2DXY,9
493,YY2DXZ,9
576,YY2DYA,9
659,YY2DYB,9
733,YY2DYC,9
907,YY2DYD,9
202,YY2DYG,9
384,YY2DYH,9
541,YY2DYK,9
016,YY2G01,1
032,YY2G03,1
0L5,YY2G0L,1
0M3,YY2G0M,9
180,YY2G18,1
198,YY2G19,9
1D0,YY2G1D,1
1N9,YY2G1N,1
1P4,YY2G1P,9
1S8,YY2G1S,1
1W0,YY2G1W,1
1X8,YY2G1X,9
1Z3,YY2G1Z,1
206,YY2G20,1
214,YY2G21,1
2A4,YY2G2A,1
2S6,YY2G2S,1
3A2,YY2G3A,1
3F1,YY2G3F,1
3M7,YY2G3M,1
3N5,YY2G3N,1
3T2,YY2G3T,1
3U0,YY2G3U,1
WQ6,YY2GWQ,9
ZL0,YY2GZL,1
AG8,YY2XAG,1
PD3,YY2XPD,1
PT9,YY2XPT,7
LM4,YY5ALM,1
LU7,YY5ALU,1
UP7,YY5KUP,7
ED5,YY5LED,1
NC8,YY5ZNC,2
HV5,YY6DHV,5
UP5,YY6KUP,5
ED3,YY6LED,1
CK8,YY6NCK,1
NC6,YY6ZNC,1
LU5,YY7XLU,9
0G3,YY9T0G,1
0H1,YY9T0H,1
0U4,YY9T0U,1
1F3,YY9T1F,9
1H9,YY9T1H,1
1R8,YY9T1R,9
1U2,YY9T1U,1
1Z1,YY9T1Z,1
2H7,YY9T2H,9
2K1,YY9T2K,1
2Q8,YY9T2Q,1
3A0,YY9T3A,9
3D4,YY9T3D,1
3L7,YY9T3L,9
3X2,YY9T3X,1
4K7,YY9T4K,1
4X0,YY9T4X,1
5F4,YY9T5F,1
5J6,YY9T5J,1
5N8,YY9T5N,1
5S7,YY9T5S,9
5Z2,YY9T5Z,1
6E5,YY9T6E,9
6L0,YY9T6L,1
6S5,YY9T6S,4
7D5,YY9T7D,7
7F0,YY9T7F,3
7H6,YY9T7H,9
7S3,YY9T7S,9
7V7,YY9T7V,7
8M4,YY9T8M,4
8P7,YY9T8P,4
8S1,YY9T8S,1
9T7,YY9T9T,9
9U5,YY9T9U,1
9V3,YY9T9V,1
TJ5,YY9TTJ,1
UA2,YY9TUA,1
UE4,YY9TUE,1
UM7,YY9TUM,1
UQ8,YY9TUQ,1
UY2,YY9TUY,1
VA0,YY9TVA,1
VF9,YY9TVF,9
VH5,YY9TVH,1
VN3,YY9TVN,1
VW4,YY9TVW,1
WB6,YY9TWB,1
XE8,YY9TXE,9
XM1,YY9TXM,1
XP4,YY9TXP,1
XQ2,YY9TXQ,9
XR0,YY9TXR,1
YF3,YY9TYF,9
YG1,YY9TYG,1
YN7,YY9TYN,1
YV0,YY9TYV,9
ZH6,YY9TZH,1
ZN4,YY9TZN,1
ZX3,YY9TZX,1
ZY1,YY9TZY,1
0A3,YY9U0A,1
0B1,YY9U0B,1
0D7,YY9U0D,1
0E5,YY9U0E,1
0H8,YY9U0H,1
0L0,YY9U0L,1
0P1,YY9U0P,1
0R7,YY9U0R,1
0T3,YY9U0T,9
0V9,YY9U0V,9
0W7,YY9U0W,1
0X5,YY9U0X,1
0Z0,YY9U0Z,1
1A1,YY9U1A,1
1B9,YY9U1B,1
1D5,YY9U1D,1
1E3,YY9U1E,1
1F0,YY9U1F,1
1G8,YY9U1G,1
1H6,YY9U1H,1
1J2,YY9U1J,1
1K0,YY9U1K,1
1L8,YY9U1L,1
1M6,YY9U1M,1
1P9,YY9U1P,1
1Q7,YY9U1Q,1
1S3,YY9U1S,1
1T1,YY9U1T,1
1U9,YY9U1U,9
1V7,YY9U1V,1
1W5,YY9U1W,1
1Y1,YY9U1Y,1
1Z8,YY9U1Z,1
2A9,YY9U2A,1
2C5,YY9U2C,1
2D3,YY9U2D,1
2E1,YY9U2E,1
2F8,YY9U2F,1
2G6,YY9U2G,1
2J0,YY9U2J,1
2K8,YY9U2K,1
2L6,YY9U2L,1
2M4,YY9U2M,1
2N2,YY9U2N,9
2P7,YY9U2P,9
2S1,YY9U2S,9
2W3,YY9U2W,9
2X1,YY9U2X,1
2Y9,YY9U2Y,9
2Z6,YY9U2Z,1
3A7,YY9U3A,1
3B5,YY9U3B,9
3C3,YY9U3C,9
3D1,YY9U3D,1
3E9,YY9U3E,9
3G4,YY9U3G,1
3H2,YY9U3H,1
3J8,YY9U3J,1
3K6,YY9U3K,1
3L4,YY9U3L,1
3P5,YY9U3P,1
3R1,YY9U3R,9
3S9,YY9U3S,1
3T7,YY9U3T,1
3W1,YY9U3W,9
3Z4,YY9U3Z,9
4A5,YY9U4A,9
4C1,YY9U4C,9
4D9,YY9U4D,9
4E7,YY9U4E,9
4G2,YY9U4G,9
4H0,YY9U4H,9
4J6,YY9U4J,9
4K4,YY9U4K,9
4L2,YY9U4L,9
4M0,YY9U4M,9
4P3,YY9U4P,9
4Q1,YY9U4Q,9
4R9,YY9U4R,9
4S7,YY9U4S,9
4T5,YY9U4T,9
4U3,YY9U4U,9
4V1,YY9U4V,9
4W9,YY9U4W,9
4Y5,YY9U4Y,9
AF1,YY9UAF,9
AR6,YY9UAR,9
AU0,YY9UAU,1
BE2,YY9UBE,4
BN3,YY9UBN,9
BT0,YY9UBT,4
CD2,YY9UCD,4
CP6,YY9UCP,6
CV4,YY9UCV,8
DA6,YY9UDA,9
YY4,YY9UYY,9
DC2,YY9UDC,9
DE8,YY9UDE,1
DH1,YY9UDH,9
DM1,YY9UDM,9
DN9,YY9UDN,1
DP4,YY9UDP,5
DR0,YY9UDR,9
DX8,YY9UDX,6
EA4,YY9UEA,9
EE6,YY9UEE,3
EF3,YY9UEF,1
EJ5,YY9UEJ,1
EP2,YY9UEP,9
EU2,YY9UEU,9
EY4,YY9UEY,1
FF0,YY9UFF,1
FG8,YY9UFG,1
FH6,YY9UFH,2
FK0,YY9UFK,9
FP9,YY9UFP,1
FW5,YY9UFW,4
FZ8,YY9UFZ,9
GD3,YY9UGD,9
GE1,YY9UGE,3
GF8,YY9UGF,3
GG6,YY9UGG,1
GH4,YY9UGH,5
GJ0,YY9UGJ,9
GK8,YY9UGK,3
GN2,YY9UGN,1
GR3,YY9UGR,1
GU7,YY9UGU,6
GX1,YY9UGX,6
GZ6,YY9UGZ,7
HA7,YY9UHA,1
HK6,YY9UHK,1
HU5,YY9UHU,1
HV3,YY9UHV,1
HY7,YY9UHY,3
JE5,YY9UJE,1
JK2,YY9UJK,1
JM8,YY9UJM,1
JU1,YY9UJU,9
JV9,YY9UJV,1
KA1,YY9UKA,6
KC7,YY9UKC,1
KD5,YY9UKD,8
KE3,YY9UKE,1
KG8,YY9UKG,1
KJ2,YY9UKJ,1
KN4,YY9UKN,1
KT1,YY9UKT,1
KY1,YY9UKY,1
KZ8,YY9UKZ,1
LA9,YY9ULA,7
LC5,YY9ULC,8
LM4,YY9ULM,7
LR3,YY9ULR,1
LY9,YY9ULY,8
MB5,YY9UMB,1
MG4,YY9UMG,1
MH2,YY9UMH,1
MM2,YY9UMM,1
MU5,YY9UMU,4
MW1,YY9UMW,1
MZ4,YY9UMZ,6
NA5,YY9UNA,8
ND9,YY9UND,1
NK4,YY9UNK,1
NM0,YY9UNM,1
NQ1,YY9UNQ,1
NS7,YY9UNS,1
NU3,YY9UNU,8
NV1,YY9UNV,1
NW9,YY9UNW,1
NX7,YY9UNX,1
NZ2,YY9UNZ,0
PB8,YY9UPB,1
PC6,YY9UPC,1
PD4,YY9UPD,1
PH5,YY9UPH,1
PL7,YY9UPL,1
PN3,YY9UPN,1
RC2,YY9URC,1
RD0,YY9URD,1
RE8,YY9URE,1
RG3,YY9URG,1
RJ7,YY9URJ,1
RL3,YY9URL,1
RM1,YY9URM,1
RN9,YY9URN,1
RT6,YY9URT,1
RU4,YY9URU,1
RV2,YY9URV,1
SC0,YY9USC,1
SD8,YY9USD,1
SE6,YY9USE,1
SG1,YY9USG,1
SH9,YY9USH,1
SJ5,YY9USJ,1
SK3,YY9USK,1
SL1,YY9USL,1
SQ0,YY9USQ,1
SR8,YY9USR,1
SS6,YY9USS,1
ST4,YY9UST,1
SV0,YY9USV,1
SW8,YY9USW,1
SZ1,YY9USZ,1
TC8,YY9UTC,1
TD6,YY9UTD,1
TE4,YY9UTE,1
TF1,YY9UTF,1
TG9,YY9UTG,1
TH7,YY9UTH,1
TL9,YY9UTL,1
TM7,YY9UTM,1
TN5,YY9UTN,1
TQ8,YY9UTQ,1
TU0,YY9UTU,3
TX4,YY9UTX,1
TY2,YY9UTY,1
TZ9,YY9UTZ,1
UA0,YY9UUA,1
UB8,YY9UUB,1
UD4,YY9UUD,1
UE2,YY9UUE,1
UF9,YY9UUF,1
UH5,YY9UUH,1
UL7,YY9UUL,1
UM5,YY9UUM,9
UN3,YY9UUN,1
UP8,YY9UUP,1
UQ6,YY9UUQ,1
US2,YY9UUS,1
UT0,YY9UUT,1
UU8,YY9UUU,1
UZ7,YY9UUZ,9
VC4,YY9UVC,1
VD2,YY9UVD,1
VE0,YY9UVE,1
VF7,YY9UVF,1
VJ9,YY9UVJ,1
VK7,YY9UVK,9
VL5,YY9UVL,1
VM3,YY9UVM,1
VQ4,YY9UVQ,1
VR2,YY9UVR,1
VU6,YY9UVU,1
VV4,YY9UVV,1
WB4,YY9UWB,1
WC2,YY9UWC,1
WE8,YY9UWE,1
WF5,YY9UWF,1
WK5,YY9UWK,1
WL3,YY9UWL,4
WQ2,YY9UWQ,1
WR0,YY9UWR,1
WW0,YY9UWW,1
WX8,YY9UWX,1
XA4,YY9UXA,1
XE6,YY9UXE,1
XF3,YY9UXF,1
XK3,YY9UXK,1
XL1,YY9UXL,9
XP2,YY9UXP,1
XT4,YY9UXT,1
XU2,YY9UXU,1
XW8,YY9UXW,0
XY4,YY9UXY,1
XZ1,YY9UXZ,1
YC8,YY9UYC,1
YE4,YY9UYE,6
YJ3,YY9UYJ,1
YL9,YY9UYL,1
YP0,YY9UYP,1
YR6,YY9UYR,1
YS4,YY9UYS,1
YT2,YY9UYT,1
YX4,YY9UYX,1
ZD3,YY9UZD,1
ZG6,YY9UZG,1
ZP7,YY9UZP,1
ZV5,YY9UZV,1
ZX1,YY9UZX,1
ZZ6,YY9UZZ,1
HB3,YY9VHB,9
MV1,DC07MV,3
117,DC0811,2
3T0,DC083T,7
430,DC0843,3
539,DC0853,0
547,DC0854,0
570,DC0857,0
588,DC0858,0
5N8,DC085N,0
5U3,DC085U,0
5W9,DC085W,0
646,DC0864,0
661,DC0866,0
687,DC0868,0
6A3,DC086A,0
6C9,DC086C,0
6D7,DC086D,0
KH2,DC08KH,7
LL2,DC08LL,1
LN8,DC08LN,1
M19,DC08M1,1
NJ2,DC08NJ,2
NN4,DC08NN,2
QZ1,DC08QZ,1
R06,DC08R0,1
S47,DC08S4,5
U19,DC08U1,2
U35,DC08U3,2
U50,DC08U5,2
3F8,DC093F,0
3M4,DC093M,0
3P7,DC093P,0
3T9,DC093T,0
412,DC0941,0
420,DC0942,0
PG1,DC09PG,5
SG5,DC09SG,0
T11,DC09T1,0
U42,DC09U4,0
V58,DC09V5,0
0Z9,DC0C0Z,5
109,DC0C10,5
3Q2,DC0C3Q,0
4F3,DC0C4F,0
5E3,DC0C5E,1
5M6,DC0C5M,1
604,DC0C60,7
7E9,DC0C7E,0
LG2,DC0CLG,7
LK4,DC0CLK,7
LR9,DC0CLR,5
LT5,DC0CLT,5
LX7,DC0CLX,4
M15,DC0CM1,4
M23,DC0CM2,3
MF2,DC0CMF,1
MM8,DC0CMM,1
MP1,DC0CMP,1
Q52,DC0CQ5,0
Q60,DC0CQ6,0
Q78,DC0CQ7,0
Q86,DC0CQ8,0
QC0,DC0CQC,1
QE6,DC0CQE,1
QF3,DC0CQF,1
QH9,DC0CQH,1
QL1,DC0CQL,2
QM9,DC0CQM,2
QN7,DC0CQN,2
QT4,DC0CQT,3
QV0,DC0CQV,3
QW8,DC0CQW,3
QX6,DC0CQX,4
QZ1,DC0CQZ,4
R02,DC0CR0,4
R28,DC0CR2,5
R36,DC0CR3,5
R44,DC0CR4,6
R51,DC0CR5,6
R77,DC0CR7,7
R85,DC0CR8,7
RA2,DC0CRA,8
RB0,DC0CRB,1
RR6,DC0CRR,1
RU0,DC0CRU,8
S27,DC0CS2,5
SZ7,DC0CSZ,0
T91,DC0CT9,0
RR7,DC17RR,0
RL6,DC1HRL,4
4U6,DC1X4U,0
6Q9,DC1X6Q,2
1M5,DC281M,0
1P8,DC281P,0
TZ3,DC28TZ,1
U49,DC28U4,8
U72,DC28U7,7
8W4,DC2V8W,7
5G0,DC2Y5G,0
R95,DC2YR9,3
W07,DC2YW0,0
WN5,DC2YWN,0
Z20,DC2YZ2,1
8C8,DC3C8C,6
L62,DC3CL6,0
PG7,DC3CPG,0
PV6,DC3CPV,0
PW4,DC3CPW,0
Q26,DC3CQ2,0
Q59,DC3CQ5,0
7K2,DC3D7K,0
7P1,DC3D7P,0
MD9,DC3DMD,6
S72,DC3DS7,0
T22,DC3DT2,0
TS2,DC3DTS,0
Y90,DC3DY9,0
YK9,DC3DYK,0
YS2,DC3DYS,0
YT0,DC3DYT,0
YX2,DC3DYX,0
Z16,DC3DZ1,0
Z32,DC3DZ3,0
Z57,DC3DZ5,0
4K8,DC3E4K,2
4R3,DC3E4R,3
4X1,DC3E4X,3
FY7,DC3EFY,1
GB3,DC3EGB,1
KN0,DC3EKN,1
952,DC3R95,1
MG0,DC4DMG,0
VX6,DC4DVX,2
0P4,DC4E0P,0
0U4,DC4E0U,1
487,DC4E48,1
1Z9,DC591Z,0
LL5,DC59LL,1
M74,DC59M7,2
RM5,DC5HRM,7
D98,DC5QD9,1
E22,DC5QE2,4
7A7,DC5X7A,9
E72,DC5XE7,2
GC6,DC5XGC,3
JT4,DC5XJT,3
TW2,DC5ZTW,7
134,DC6A13,0
712,DC6A71,0
7U1,DC6A7U,0
803,DC6A80,0
MT4,DC84MT,7
MU2,DC84MU,6
MV0,DC84MV,7
MX6,DC84MX,6
A04,DC90A0,8
A12,DC90A1,6
A20,DC90A2,7
A38,DC90A3,7
A46,DC90A4,6
A53,DC90A5,7
A61,DC90A6,2
A79,DC90A7,3
A87,DC90A8,4
A95,DC90A9,4
AA6,DC90AA,4
AB4,DC90AB,4
AC2,DC90AC,5
AD0,DC90AD,5
AE8,DC90AE,5
AF5,DC90AF,5
AG3,DC90AG,5
AH1,DC90AH,5
AJ7,DC90AJ,4
AK5,DC90AK,5
AL3,DC90AL,5
AM1,DC90AM,6
AN9,DC90AN,6
AP4,DC90AP,6
AQ2,DC90AQ,6
AR0,DC90AR,6
AS8,DC90AS,6
AT6,DC90AT,6
AU4,DC90AU,6
AV2,DC90AV,5
AW0,DC90AW,6
AX8,DC90AX,7
AY6,DC90AY,7
AZ3,DC90AZ,7
B03,DC90B0,7
B11,DC90B1,7
B29,DC90B2,8
B37,DC90B3,8
B45,DC90B4,8
B52,DC90B5,6
B60,DC90B6,7
B78,DC90B7,7
B86,DC90B8,8
B94,DC90B9,8
BA4,DC90BA,8
BB2,DC90BB,8
BC0,DC90BC,8
BD8,DC90BD,8
BE6,DC90BE,6
BF3,DC90BF,7
BG1,DC90BG,8
BH9,DC90BH,8
BJ5,DC90BJ,8
BK3,DC90BK,9
BL1,DC90BL,9
BM9,DC90BM,9
BN7,DC90BN,7
BP2,DC90BP,8
BQ0,DC90BQ,8
BR8,DC90BR,8
BS6,DC90BS,9
BT4,DC90BT,9
BU2,DC90BU,9
BV0,DC90BV,7
BW8,DC90BW,8
BX6,DC90BX,8
BY4,DC90BY,9
BZ1,DC90BZ,9
C02,DC90C0,9
C10,DC90C1,7
C28,DC90C2,8
C36,DC90C3,8
C44,DC90C4,9
C51,DC90C5,9
C69,DC90C6,7
C77,DC90C7,8
C85,DC90C8,8
C93,DC90C9,9
CA2,DC90CA,7
CB0,DC90CB,8
CC8,DC90CC,8
CD6,DC90CD,7
CE4,DC90CE,8
YJ5,DC91YJ,9
YK3,DC91YK,9
YL1,DC91YL,9
YM9,DC91YM,9
YN7,DC91YN,9
YP2,DC91YP,9
YQ0,DC91YQ,9
YR8,DC91YR,9
YS6,DC91YS,9
YT4,DC91YT,9
YU2,DC91YU,9
YV0,DC91YV,9
YW8,DC91YW,9
YX6,DC91YX,9
YY4,DC91YY,9
YZ1,DC91YZ,0
Z04,DC91Z0,0
Z12,DC91Z1,0
Z20,DC91Z2,0
Z38,DC91Z3,1
Z46,DC91Z4,1
Z53,DC91Z5,1
Z61,DC91Z6,2
Z79,DC91Z7,3
Z87,DC91Z8,3
Z95,DC91Z9,4
ZA1,DC91ZA,5
ZB9,DC91ZB,6
ZC7,DC91ZC,7
ZD5,DC91ZD,7
ZE3,DC91ZE,8
ZF0,DC91ZF,9
ZG8,DC91ZG,9
ZH6,DC91ZH,9
ZJ2,DC91ZJ,9
ZK0,DC91ZK,9
ZL8,DC91ZL,9
ZM6,DC91ZM,9
ZN4,DC91ZN,9
ZP9,DC91ZP,9
ZQ7,DC91ZQ,9
ZR5,DC91ZR,9
ZS3,DC91ZS,9
ZT1,DC91ZT,9
ZU9,DC91ZU,9
ZV7,DC91ZV,0
ZW5,DC91ZW,0
ZX3,DC91ZX,0
ZY1,DC91ZY,0
ZZ8,DC91ZZ,0
038,DC9203,9
053,DC9205,8
061,DC9206,9
079,DC9207,8
095,DC9209,9
0B1,DC920B,9
0C9,DC920C,9
0D7,DC920D,9
0E5,DC920E,9
0F2,DC920F,9
0G0,DC920G,9
0H8,DC920H,9
0K2,DC920K,9
0N6,DC920N,9
0P1,DC920P,9
0S5,DC920S,9
0T3,DC920T,9
0U1,DC920U,9
0V9,DC920V,9
0X5,DC920X,9
0Y3,DC920Y,9
111,DC9211,9
137,DC9213,9
145,DC9214,9
152,DC9215,9
186,DC9218,9
194,DC9219,9
1A1,DC921A,8
1B9,DC921B,9
1D5,DC921D,9
1E3,DC921E,9
1F0,DC921F,9
1H6,DC921H,8
1K0,DC921K,9
1L8,DC921L,9
1N4,DC921N,9
1Q7,DC921Q,9
1R5,DC921R,9
1S3,DC921S,9
1T1,DC921T,9
1U9,DC921U,9
1V7,DC921V,9
1X3,DC921X,9
1Z8,DC921Z,9
202,DC9220,9
210,DC9221,9
228,DC9222,9
244,DC9224,9
251,DC9225,9
277,DC9227,9
285,DC9228,9
293,DC9229,6
2A9,DC922A,9
2C5,DC922C,9
2D3,DC922D,9
2E1,DC922E,9
2F8,DC922F,9
2K8,DC922K,9
2L6,DC922L,9
2M4,DC922M,9
2N2,DC922N,9
2P7,DC922P,9
2Q5,DC922Q,9
2R3,DC922R,7
2S1,DC922S,8
2T9,DC922T,8
2V5,DC922V,9
2W3,DC922W,9
2Z6,DC922Z,7
301,DC9230,9
319,DC9231,9
327,DC9232,8
335,DC9233,9
350,DC9235,9
384,DC9238,7
3A7,DC923A,9
3B5,DC923B,9
3C3,DC923C,9
3D1,DC923D,9
3F6,DC923F,9
3G4,DC923G,9
3H2,DC923H,9
3K6,DC923K,9
3L4,DC923L,9
3M2,DC923M,9
3N0,DC923N,9
3Q3,DC923Q,9
3S9,DC923S,9
3U5,DC923U,9
3W1,DC923W,9
3X9,DC923X,9
3Y7,DC923Y,9
3Z4,DC923Z,9
475,DC9247,9
483,DC9248,9
4C1,DC924C,9
4D9,DC924D,9
4J6,DC924J,9
4K4,DC924K,9
4N8,DC924N,9
4P3,DC924P,9
4Q1,DC924Q,9
4S7,DC924S,9
4T5,DC924T,9
5D6,DC925D,9
5H7,DC925H,9
5L9,DC925L,9
5P0,DC925P,9
5R6,DC925R,9
5T2,DC925T,9
707,DC9270,1
731,DC9273,1
749,DC9274,1
756,DC9275,2
764,DC9276,3
772,DC9277,4
780,DC9278,5
798,DC9279,6
7B6,DC927B,7
7C4,DC927C,8
7D2,DC927D,9
7E0,DC927E,9
7F7,DC927F,9
7G5,DC927G,9
7H3,DC927H,9
7J9,DC927J,9
7K7,DC927K,9
7L5,DC927L,9
7M3,DC927M,9
7N1,DC927N,9
7P6,DC927P,9
7Q4,DC927Q,9
7R2,DC927R,9
7S0,DC927S,9
7T8,DC927T,9
7U6,DC927U,9
7V4,DC927V,9
7W2,DC927W,9
7X0,DC927X,9
7Y8,DC927Y,9
7Z5,DC927Z,9
806,DC9280,9
855,DC9285,2
863,DC9286,3
871,DC9287,5
889,DC9288,6
897,DC9289,7
8A6,DC928A,8
8B4,DC928B,9
8C2,DC928C,9
8D0,DC928D,9
8E8,DC928E,9
8F5,DC928F,9
8G3,DC928G,9
8H1,DC928H,9
8J7,DC928J,9
8K5,DC928K,9
8L3,DC928L,9
8M1,DC928M,9
8N9,DC928N,9
8P4,DC928P,9
8Q2,DC928Q,9
8R0,DC928R,9
8S8,DC928S,9
8T6,DC928T,9
8U4,DC928U,9
8V2,DC928V,9
8W0,DC928W,9
8X8,DC928X,9
8Y6,DC928Y,9
939,DC9293,3
947,DC9294,5
954,DC9295,7
962,DC9296,8
970,DC9297,9
988,DC9298,9
996,DC9299,9
9A4,DC929A,9
9B2,DC929B,9
9C0,DC929C,9
9D8,DC929D,9
9E6,DC929E,9
9F3,DC929F,9
9G1,DC929G,9
9H9,DC929H,9
9J5,DC929J,9
9K3,DC929K,9
9L1,DC929L,9
9M9,DC929M,9
9N7,DC929N,9
9P2,DC929P,9
9Q0,DC929Q,9
9R8,DC929R,9
9S6,DC929S,9
9T4,DC929T,9
9U2,DC929U,9
9V0,DC929V,9
9W8,DC929W,9
A02,DC92A0,0
A10,DC92A1,1
A28,DC92A2,1
A36,DC92A3,2
A44,DC92A4,3
A51,DC92A5,4
A69,DC92A6,5
A77,DC92A7,5
A85,DC92A8,6
A93,DC92A9,7
AA2,DC92AA,9
AB0,DC92AB,9
AC8,DC92AC,9
AD6,DC92AD,9
AE4,DC92AE,9
AF1,DC92AF,9
AG9,DC92AG,9
AH7,DC92AH,9
AJ3,DC92AJ,9
AK1,DC92AK,9
AL9,DC92AL,9
AM7,DC92AM,9
AN5,DC92AN,9
AP0,DC92AP,9
AQ8,DC92AQ,9
AR6,DC92AR,0
AS4,DC92AS,0
AT2,DC92AT,0
AU0,DC92AU,0
AV8,DC92AV,0
AW6,DC92AW,0
AX4,DC92AX,1
AY2,DC92AY,1
AZ9,DC92AZ,2
B01,DC92B0,3
B19,DC92B1,5
B27,DC92B2,6
B35,DC92B3,6
B43,DC92B4,7
B50,DC92B5,8
B68,DC92B6,9
B76,DC92B7,9
B84,DC92B8,9
B92,DC92B9,9
BA0,DC92BA,9
BB8,DC92BB,9
BC6,DC92BC,9
BD4,DC92BD,9
BE2,DC92BE,9
BF9,DC92BF,9
BG7,DC92BG,9
BH5,DC92BH,9
BJ1,DC92BJ,9
BK9,DC92BK,9
BL7,DC92BL,9
BM5,DC92BM,0
BN3,DC92BN,0
BP8,DC92BP,0
BQ6,DC92BQ,0
BR4,DC92BR,0
BS2,DC92BS,0
BT0,DC92BT,0
BU8,DC92BU,0
BV6,DC92BV,1
BW4,DC92BW,2
BX2,DC92BX,3
BY0,DC92BY,5
BZ7,DC92BZ,6
C00,DC92C0,7
C18,DC92C1,8
C26,DC92C2,9
C34,DC92C3,9
C42,DC92C4,9
C59,DC92C5,9
C67,DC92C6,9
C75,DC92C7,9
C83,DC92C8,9
C91,DC92C9,9
CA8,DC92CA,9
CB6,DC92CB,9
CC4,DC92CC,9
CD2,DC92CD,9
CE0,DC92CE,9
CF7,DC92CF,9
CG5,DC92CG,9
CH3,DC92CH,0
CJ9,DC92CJ,0
CK7,DC92CK,0
CL5,DC92CL,0
CM3,DC92CM,0
CN1,DC92CN,0
CP6,DC92CP,0
CQ4,DC92CQ,0
CR2,DC92CR,1
CS0,DC92CS,3
CT8,DC92CT,5
CU6,DC92CU,6
CV4,DC92CV,7
CW2,DC92CW,8
CX0,DC92CX,8
D09,DC92D0,9
D17,DC92D1,9
D25,DC92D2,9
D33,DC92D3,9
D41,DC92D4,9
D58,DC92D5,9
D66,DC92D6,9
D74,DC92D7,9
D82,DC92D8,9
D90,DC92D9,9
DA6,DC92DA,9
YY4,DC92YY,9
DC2,DC92DC,9
DQ2,DC92DQ,6
DR0,DC92DR,7
DS8,DC92DS,8
DT6,DC92DT,8
DW0,DC92DW,9
DX8,DC92DX,9
DY6,DC92DY,9
DZ3,DC92DZ,9
E08,DC92E0,9
E16,DC92E1,9
E24,DC92E2,9
E32,DC92E3,9
E40,DC92E4,9
E57,DC92E5,9
E65,DC92E6,9
E73,DC92E7,9
E81,DC92E8,9
EL1,DC92EL,9
EM9,DC92EM,9
EN7,DC92EN,9
EP2,DC92EP,9
ES6,DC92ES,9
ET4,DC92ET,9
EU2,DC92EU,9
EV0,DC92EV,9
EW8,DC92EW,9
EX6,DC92EX,9
EY4,DC92EY,9
EZ1,DC92EZ,9
F07,DC92F0,9
F15,DC92F1,9
F23,DC92F2,9
F31,DC92F3,9
F49,DC92F4,9
FG8,DC92FG,9
FH6,DC92FH,9
FJ2,DC92FJ,9
FK0,DC92FK,9
LW3,DC92LW,4
LX1,DC92LX,5
LY9,DC92LY,6
LZ6,DC92LZ,7
M08,DC92M0,7
M16,DC92M1,8
M24,DC92M2,8
M32,DC92M3,8
M40,DC92M4,9
M57,DC92M5,9
M65,DC92M6,9
M73,DC92M7,9
M81,DC92M8,9
M99,DC92M9,9
MA7,DC92MA,9
MB5,DC92MB,9
MC3,DC92MC,9
MD1,DC92MD,9
ME9,DC92ME,9
MF6,DC92MF,6
MG4,DC92MG,7
MH2,DC92MH,7
MJ8,DC92MJ,8
MK6,DC92MK,8
ML4,DC92ML,9
MM2,DC92MM,9
MN0,DC92MN,9
MP5,DC92MP,9
MQ3,DC92MQ,9
MR1,DC92MR,9
MS9,DC92MS,9
MT7,DC92MT,9
MU5,DC92MU,9
MV3,DC92MV,9
MW1,DC92MW,9
MX9,DC92MX,9
MY7,DC92MY,9
MZ4,DC92MZ,9
N07,DC92N0,3
N15,DC92N1,4
N23,DC92N2,5
N31,DC92N3,6
N49,DC92N4,7
N56,DC92N5,7
N64,DC92N6,8
N72,DC92N7,8
N80,DC92N8,9
N98,DC92N9,9
NA5,DC92NA,9
NB3,DC92NB,9
NC1,DC92NC,9
ND9,DC92ND,9
NE7,DC92NE,9
NF4,DC92NF,9
NG2,DC92NG,9
NH0,DC92NH,9
NJ6,DC92NJ,9
NK4,DC92NK,5
NL2,DC92NL,6
NM0,DC92NM,7
NN8,DC92NN,8
NP3,DC92NP,8
NQ1,DC92NQ,8
NR9,DC92NR,9
NS7,DC92NS,9
NT5,DC92NT,9
NU3,DC92NU,9
NV1,DC92NV,9
NW9,DC92NW,9
NX7,DC92NX,9
NY5,DC92NY,9
NZ2,DC92NZ,9
P05,DC92P0,9
P13,DC92P1,9
P21,DC92P2,9
P39,DC92P3,9
P47,DC92P4,4
P54,DC92P5,6
P62,DC92P6,7
P70,DC92P7,7
P88,DC92P8,3
P96,DC92P9,5
PA0,DC92PA,6
PB8,DC92PB,7
PC6,DC92PC,8
PD4,DC92PD,8
PE2,DC92PE,9
PF9,DC92PF,9
PG7,DC92PG,9
PH5,DC92PH,9
PJ1,DC92PJ,9
PK9,DC92PK,9
PL7,DC92PL,9
PM5,DC92PM,9
PN3,DC92PN,9
PP8,DC92PP,9
PQ6,DC92PQ,9
PR4,DC92PR,9
PS2,DC92PS,6
PT0,DC92PT,7
PU8,DC92PU,8
PV6,DC92PV,8
PW4,DC92PW,9
PX2,DC92PX,9
PY0,DC92PY,9
PZ7,DC92PZ,9
Q04,DC92Q0,9
Q12,DC92Q1,9
Q20,DC92Q2,9
Q38,DC92Q3,9
Q46,DC92Q4,9
Q53,DC92Q5,9
Q61,DC92Q6,9
Q79,DC92Q7,9
Q87,DC92Q8,9
Q95,DC92Q9,9
QA8,DC92QA,9
QB6,DC92QB,5
QC4,DC92QC,7
QD2,DC92QD,8
QE0,DC92QE,9
QF7,DC92QF,9
QG5,DC92QG,9
QH3,DC92QH,9
QJ9,DC92QJ,9
QK7,DC92QK,9
QL5,DC92QL,9
QM3,DC92QM,9
QN1,DC92QN,9
QP6,DC92QP,9
QQ4,DC92QQ,9
QR2,DC92QR,9
QS0,DC92QS,9
QT8,DC92QT,9
QU6,DC92QU,9
QV4,DC92QV,9
QW2,DC92QW,8
QX0,DC92QX,9
QY8,DC92QY,9
QZ5,DC92QZ,9
R03,DC92R0,9
R11,DC92R1,9
R29,DC92R2,9
R37,DC92R3,9
R45,DC92R4,9
R52,DC92R5,9
R60,DC92R6,9
R78,DC92R7,9
R86,DC92R8,9
R94,DC92R9,9
RA6,DC92RA,9
RB4,DC92RB,9
RC2,DC92RC,9
RD0,DC92RD,9
RE8,DC92RE,9
RF5,DC92RF,9
RG3,DC92RG,9
RH1,DC92RH,9
RJ7,DC92RJ,9
RK5,DC92RK,9
RL3,DC92RL,9
RM1,DC92RM,9
RN9,DC92RN,9
RP4,DC92RP,9
RQ2,DC92RQ,9
RR0,DC92RR,9
RS8,DC92RS,9
RT6,DC92RT,9
RU4,DC92RU,9
RV2,DC92RV,9
RW0,DC92RW,9
RX8,DC92RX,9
RY6,DC92RY,9
RZ3,DC92RZ,9
S02,DC92S0,9
S10,DC92S1,9
S28,DC92S2,9
S51,DC92S5,9
S69,DC92S6,9
S77,DC92S7,9
S85,DC92S8,9
S93,DC92S9,9
SA4,DC92SA,9
SB2,DC92SB,9
SC0,DC92SC,9
SD8,DC92SD,9
SE6,DC92SE,9
SF3,DC92SF,9
VG5,DC92VG,3
VH3,DC92VH,5
VJ9,DC92VJ,7
VK7,DC92VK,8
VL5,DC92VL,9
VM3,DC92VM,9
VN1,DC92VN,9
VP6,DC92VP,9
VQ4,DC92VQ,9
VR2,DC92VR,9
VS0,DC92VS,9
VT8,DC92VT,9
VU6,DC92VU,9
VV4,DC92VV,9
VW2,DC92VW,9
VX0,DC92VX,9
VY8,DC92VY,9
VZ5,DC92VZ,9
W06,DC92W0,9
W14,DC92W1,9
W22,DC92W2,9
W30,DC92W3,9
W48,DC92W4,9
W55,DC92W5,9
W63,DC92W6,9
W71,DC92W7,9
W89,DC92W8,9
W97,DC92W9,9
002,DC9300,9
028,DC9302,9
036,DC9303,9
044,DC9304,9
051,DC9305,9
069,DC9306,9
077,DC9307,9
0B0,DC930B,9
0D6,DC930D,9
0E4,DC930E,9
0F1,DC930F,9
0H7,DC930H,9
0K1,DC930K,9
0Q8,DC930Q,9
0S4,DC930S,9
0V8,DC930V,9
0W6,DC930W,9
0Z9,DC930Z,9
127,DC9312,9
143,DC9314,9
150,DC9315,8
192,DC9319,9
1C6,DC931C,9
1E2,DC931E,6
1F9,DC931F,9
1G7,DC931G,9
1J1,DC931J,9
1K9,DC931K,9
1M5,DC931M,9
1N3,DC931N,9
1R4,DC931R,9
1V6,DC931V,9
1Z7,DC931Z,9
218,DC9321,9
226,DC9322,9
259,DC9325,9
267,DC9326,9
291,DC9329,9
2A8,DC932A,9
2B6,DC932B,9
2E0,DC932E,9
2G5,DC932G,9
2H3,DC932H,9
2K7,DC932K,9
2L5,DC932L,9
2U6,DC932U,9
2Z5,DC932Z,9
325,DC9332,9
333,DC9333,9
341,DC9334,9
366,DC9336,9
3A6,DC933A,9
3B4,DC933B,9
3D0,DC933D,9
3F5,DC933F,9
3G3,DC933G,9
3J7,DC933J,9
3L3,DC933L,6
3M1,DC933M,9
3T6,DC933T,9
3V2,DC933V,9
3W0,DC933W,9
3Y6,DC933Y,9
416,DC9341,9
424,DC9342,9
432,DC9343,9
440,DC9344,9
4A4,DC934A,9
4B2,DC934B,9
4C0,DC934C,9
4F3,DC934F,9
4H9,DC934H,9
4J5,DC934J,9
4K3,DC934K,9
4L1,DC934L,9
4M9,DC934M,5
4P2,DC934P,9
4R8,DC934R,9
4S6,DC934S,6
4T4,DC934T,9
4U2,DC934U,7
4X6,DC934X,9
4Y4,DC934Y,9
507,DC9350,8
523,DC9352,8
556,DC9355,7
564,DC9356,7
572,DC9357,6
5A1,DC935A,9
5B9,DC935B,8
5D5,DC935D,9
5E3,DC935E,9
5F0,DC935F,9
5G8,DC935G,9
5H6,DC935H,9
5J2,DC935J,9
5K0,DC935K,9
5L8,DC935L,5
5M6,DC935M,4
5P9,DC935P,3
5Q7,DC935Q,3
5R5,DC935R,2
5T1,DC935T,2
5U9,DC935U,1
5X3,DC935X,1
5Y1,DC935Y,0
5Z8,DC935Z,0
606,DC9360,0
614,DC9361,0
630,DC9363,0
648,DC9364,0
663,DC9366,0
671,DC9367,0
689,DC9368,0
697,DC9369,0
6B7,DC936B,0
6D3,DC936D,0
6E1,DC936E,0
6F8,DC936F,8
6H4,DC936H,8
6L6,DC936L,8
6M4,DC936M,7
6P7,DC936P,6
6R3,DC936R,0
6S1,DC936S,0
6T9,DC936T,0
6U7,DC936U,0
6V5,DC936V,0
6W3,DC936W,0
6X1,DC936X,9
6Y9,DC936Y,9
6Z6,DC936Z,9
705,DC9370,9
713,DC9371,9
721,DC9372,0
739,DC9373,0
747,DC9374,0
762,DC9376,0
770,DC9377,0
788,DC9378,0
8F4,DC938F,1
8G2,DC938G,1
8H0,DC938H,1
8J6,DC938J,0
8K4,DC938K,0
8L2,DC938L,0
8M0,DC938M,0
8N8,DC938N,0
8P3,DC938P,0
8Q1,DC938Q,0
8R9,DC938R,0
8S7,DC938S,0
8T5,DC938T,0
8U3,DC938U,0
8V1,DC938V,0
8W9,DC938W,0
8X7,DC938X,1
8Y5,DC938Y,1
8Z2,DC938Z,1
903,DC9390,1
911,DC9391,0
929,DC9392,0
937,DC9393,0
945,DC9394,0
952,DC9395,0
960,DC9396,0
978,DC9397,0
986,DC9398,0
994,DC9399,0
9A3,DC939A,0
9B1,DC939B,0
9C9,DC939C,0
9D7,DC939D,0
9E5,DC939E,0
9F2,DC939F,0
9G0,DC939G,1
9H8,DC939H,0
9J4,DC939J,0
9K2,DC939K,0
9L0,DC939L,0
9M8,DC939M,0
9N6,DC939N,0
9P1,DC939P,0
9Q9,DC939Q,0
9R7,DC939R,0
9S5,DC939S,0
9T3,DC939T,0
9U1,DC939U,0
D16,DC93D1,9
D24,DC93D2,9
D32,DC93D3,9
D73,DC93D7,9
D81,DC93D8,9
D99,DC93D9,9
DG1,DC93DG,9
DH9,DC93DH,9
DK3,DC93DK,9
DL1,DC93DL,9
DM9,DC93DM,9
DN7,DC93DN,9
DS6,DC93DS,9
DU2,DC93DU,9
DX6,DC93DX,9
DY4,DC93DY,9
E15,DC93E1,9
E23,DC93E2,9
E31,DC93E3,9
E64,DC93E6,9
E80,DC93E8,9
E98,DC93E9,9
EG9,DC93EG,9
EJ3,DC93EJ,9
EK1,DC93EK,9
EP0,DC93EP,0
EQ8,DC93EQ,1
ET2,DC93ET,1
EW6,DC93EW,2
EZ9,DC93EZ,3
F14,DC93F1,5
F22,DC93F2,6
F30,DC93F3,3
F63,DC93F6,4
F71,DC93F7,7
F89,DC93F8,6
F97,DC93F9,8
FA9,DC93FA,9
FB7,DC93FB,9
FC5,DC93FC,9
FD3,DC93FD,9
FF8,DC93FF,9
FH4,DC93FH,9
FJ0,DC93FJ,9
FM4,DC93FM,9
FN2,DC93FN,7
FP7,DC93FP,8
FS1,DC93FS,9
FT9,DC93FT,9
FV5,DC93FV,9
FW3,DC93FW,9
FX1,DC93FX,9
FZ6,DC93FZ,9
G05,DC93G0,9
G13,DC93G1,9
G39,DC93G3,9
G47,DC93G4,9
G54,DC93G5,9
G62,DC93G6,9
G70,DC93G7,9
G88,DC93G8,9
G96,DC93G9,9
GA7,DC93GA,9
GB5,DC93GB,9
GC3,DC93GC,9
GE9,DC93GE,9
GG4,DC93GG,9
GH2,DC93GH,9
GP5,DC93GP,4
GQ3,DC93GQ,7
GR1,DC93GR,8
GT7,DC93GT,9
GU5,DC93GU,9
GV3,DC93GV,9
GW1,DC93GW,9
GY7,DC93GY,9
GZ4,DC93GZ,9
H12,DC93H1,9
H20,DC93H2,9
H38,DC93H3,9
H46,DC93H4,9
H53,DC93H5,9
H61,DC93H6,9
H79,DC93H7,9
H87,DC93H8,9
H95,DC93H9,9
HA5,DC93HA,9
HB3,DC93HB,9
HC1,DC93HC,9
HD9,DC93HD,9
HE7,DC93HE,9
HH0,DC93HH,9
HJ6,DC93HJ,9
HK4,DC93HK,9
HQ1,DC93HQ,4
HR9,DC93HR,7
HS7,DC93HS,8
HT5,DC93HT,9
HU3,DC93HU,9
HW9,DC93HW,9
HX7,DC93HX,9
J02,DC93J0,9
J10,DC93J1,9
J28,DC93J2,9
J44,DC93J4,9
J77,DC93J7,9
J85,DC93J8,9
JA1,DC93JA,9
JC7,DC93JC,9
JD5,DC93JD,9
JE3,DC93JE,9
JF0,DC93JF,9
L99,DC93L9,8
M07,DC93M0,9
M15,DC93M1,9
M23,DC93M2,9
M56,DC93M5,9
M64,DC93M6,9
MC1,DC93MC,9
MF4,DC93MF,9
MJ6,DC93MJ,9
MK4,DC93MK,9
MM0,DC93MM,6
MN8,DC93MN,7
MS7,DC93MS,8
MW9,DC93MW,9
N06,DC93N0,9
N22,DC93N2,9
N30,DC93N3,9
N48,DC93N4,9
N55,DC93N5,9
N71,DC93N7,9
N89,DC93N8,9
ND7,DC93ND,8
NH8,DC93NH,9
NJ4,DC93NJ,9
NN6,DC93NN,9
NP1,DC93NP,9
NS5,DC93NS,9
NT3,DC93NT,9
NV9,DC93NV,9
NX5,DC93NX,9
NY3,DC93NY,9
NZ0,DC93NZ,5
P12,DC93P1,7
P38,DC93P3,8
P79,DC93P7,9
P87,DC93P8,9
P95,DC93P9,9
PB6,DC93PB,9
PD2,DC93PD,9
PG5,DC93PG,9
PJ9,DC93PJ,9
PK7,DC93PK,9
PL5,DC93PL,9
PQ4,DC93PQ,9
PU6,DC93PU,9
PV4,DC93PV,9
PW2,DC93PW,9
PY8,DC93PY,9
PZ5,DC93PZ,9
Q03,DC93Q0,9
Q11,DC93Q1,9
Q29,DC93Q2,9
Q37,DC93Q3,9
Q45,DC93Q4,9
Q52,DC93Q5,9
Q60,DC93Q6,6
Q78,DC93Q7,9
Q86,DC93Q8,8
Q94,DC93Q9,9
QA6,DC93QA,9
QB4,DC93QB,9
QC2,DC93QC,9
QD0,DC93QD,9
QE8,DC93QE,9
QF5,DC93QF,9
QG3,DC93QG,9
QH1,DC93QH,9
QJ7,DC93QJ,9
QK5,DC93QK,9
QL3,DC93QL,9
QM1,DC93QM,9
QN9,DC93QN,9
QP4,DC93QP,9
QQ2,DC93QQ,6
QR0,DC93QR,9
QS8,DC93QS,9
QT6,DC93QT,9
QU4,DC93QU,9
QV2,DC93QV,9
QW0,DC93QW,9
QX8,DC93QX,9
QY6,DC93QY,9
QZ3,DC93QZ,9
R02,DC93R0,9
R10,DC93R1,9
R28,DC93R2,9
R36,DC93R3,9
R44,DC93R4,9
R51,DC93R5,9
R69,DC93R6,8
R77,DC93R7,9
R85,DC93R8,9
R93,DC93R9,9
RA4,DC93RA,9
RB2,DC93RB,9
RC0,DC93RC,9
RD8,DC93RD,9
RE6,DC93RE,9
RF3,DC93RF,9
RG1,DC93RG,9
RH9,DC93RH,9
RJ5,DC93RJ,9
RK3,DC93RK,9
RL1,DC93RL,9
RM9,DC93RM,9
RN7,DC93RN,9
RP2,DC93RP,9
RQ0,DC93RQ,9
RR8,DC93RR,9
RS6,DC93RS,9
RT4,DC93RT,9
RU2,DC93RU,9
RV0,DC93RV,9
RW8,DC93RW,9
RX6,DC93RX,9
RY4,DC93RY,9
RZ1,DC93RZ,9
S01,DC93S0,9
S19,DC93S1,9
S27,DC93S2,9
S50,DC93S5,9
S68,DC93S6,9
SA2,DC93SA,9
SC8,DC93SC,9
SD6,DC93SD,9
SE4,DC93SE,9
U23,DC93U2,4
U31,DC93U3,7
U56,DC93U5,8
U80,DC93U8,9
U98,DC93U9,9
UB6,DC93UB,9
UE0,DC93UE,9
UF7,DC93UF,9
UG5,DC93UG,9
UH3,DC93UH,9
UJ9,DC93UJ,9
UK7,DC93UK,9
UL5,DC93UL,9
UP6,DC93UP,9
UQ4,DC93UQ,9
US0,DC93US,9
UT8,DC93UT,9
UU6,DC93UU,9
UW2,DC93UW,9
UZ5,DC93UZ,3
V14,DC93V1,7
V48,DC93V4,8
V63,DC93V6,9
VB4,DC93VB,9
VD0,DC93VD,9
VF5,DC93VF,9
VG3,DC93VG,9
VJ7,DC93VJ,9
VL3,DC93VL,9
VR0,DC93VR,9
VT6,DC93VT,9
VU4,DC93VU,9
VW0,DC93VW,9
VX8,DC93VX,9
VY6,DC93VY,9
W05,DC93W0,9
W47,DC93W4,9
WB2,DC93WB,9
WE6,DC93WE,9
WG1,DC93WG,9
WK3,DC93WK,9
WL1,DC93WL,9
WV0,DC93WV,9
X12,DC93X1,9
X20,DC93X2,9
X38,DC93X3,9
X61,DC93X6,9
XB0,DC93XB,9
XC8,DC93XC,9
XD6,DC93XD,9
XG9,DC93XG,9
XM7,DC93XM,9
XN5,DC93XN,9
XP0,DC93XP,9
XU0,DC93XU,9
XX4,DC93XX,9
Y11,DC93Y1,9
Y29,DC93Y2,9
Y45,DC93Y4,9
Y78,DC93Y7,9
Y86,DC93Y8,9
Y94,DC93Y9,9
YA0,DC93YA,9
YE2,DC93YE,9
YF9,DC93YF,9
YG7,DC93YG,9
YH5,DC93YH,9
YJ1,DC93YJ,9
YK9,DC93YK,9
YL7,DC93YL,9
YN3,DC93YN,9
YP8,DC93YP,8
YR4,DC93YR,9
YU8,DC93YU,9
YW4,DC93YW,9
YY0,DC93YY,9
YZ7,DC93YZ,9
Z02,DC93Z0,9
Z10,DC93Z1,9
Z28,DC93Z2,9
Z44,DC93Z4,9
Z85,DC93Z8,9
ZC3,DC93ZC,9
ZD1,DC93ZD,9
ZF6,DC93ZF,9
ZG4,DC93ZG,9
ZH2,DC93ZH,9
ZM2,DC93ZM,8
ZP5,DC93ZP,9
ZQ3,DC93ZQ,9
ZS9,DC93ZS,9
ZU5,DC93ZU,9
ZZ4,DC93ZZ,9
0K0,DC940K,0
0L8,DC940L,0
0M6,DC940M,0
0N4,DC940N,0
0P9,DC940P,0
0Q7,DC940Q,0
0R5,DC940R,0
0S3,DC940S,0
0T1,DC940T,0
0U9,DC940U,0
0V7,DC940V,0
0W5,DC940W,0
0X3,DC940X,0
0Y1,DC940Y,0
0Z8,DC940Z,5
109,DC9410,4
117,DC9411,3
125,DC9412,3
133,DC9413,2
141,DC9414,2
158,DC9415,1
166,DC9416,1
174,DC9417,1
182,DC9418,0
190,DC9419,0
1A9,DC941A,0
1B7,DC941B,0
1C5,DC941C,0
1D3,DC941D,0
1E1,DC941E,0
1F8,DC941F,0
1G6,DC941G,0
1H4,DC941H,0
1J0,DC941J,0
1K8,DC941K,0
1L6,DC941L,0
1M4,DC941M,0
1N2,DC941N,0
1P7,DC941P,0
1Q5,DC941Q,0
1R3,DC941R,0
1S1,DC941S,0
1T9,DC941T,5
1U7,DC941U,4
1V5,DC941V,3
1W3,DC941W,2
1X1,DC941X,2
1Y9,DC941Y,1
1Z6,DC941Z,1
208,DC9420,0
216,DC9421,0
224,DC9422,0
232,DC9423,0
240,DC9424,0
257,DC9425,0
265,DC9426,0
273,DC9427,0
281,DC9428,0
299,DC9429,0
2A7,DC942A,0
2B5,DC942B,0
2C3,DC942C,0
2D1,DC942D,0
2E9,DC942E,0
2F6,DC942F,0
2G4,DC942G,0
2H2,DC942H,0
2J8,DC942J,0
2K6,DC942K,0
2L4,DC942L,0
2M2,DC942M,5
2N0,DC942N,4
2P5,DC942P,2
2Q3,DC942Q,2
2R1,DC942R,1
2S9,DC942S,0
2T7,DC942T,0
2U5,DC942U,0
2V3,DC942V,0
2W1,DC942W,0
2X9,DC942X,0
2Y7,DC942Y,0
2Z4,DC942Z,0
307,DC9430,0
646,DC9464,0
653,DC9465,0
661,DC9466,0
679,DC9467,0
687,DC9468,0
695,DC9469,0
6A8,DC946A,0
6B6,DC946B,0
6C4,DC946C,0
6D2,DC946D,0
6E0,DC946E,0
6F7,DC946F,0
6G5,DC946G,0
6H3,DC946H,5
6J9,DC946J,4
6K7,DC946K,3
6L5,DC946L,3
6M3,DC946M,2
6N1,DC946N,1
6P6,DC946P,1
6Q4,DC946Q,1
6R2,DC946R,1
6S0,DC946S,0
6T8,DC946T,0
6U6,DC946U,0
6V4,DC946V,0
6W2,DC946W,0
6X0,DC946X,0
6Y8,DC946Y,0
6Z5,DC946Z,0
703,DC9470,0
711,DC9471,0
729,DC9472,0
737,DC9473,0
745,DC9474,0
752,DC9475,0
760,DC9476,0
778,DC9477,0
786,DC9478,0
794,DC9479,5
7A6,DC947A,4
7B4,DC947B,3
7C2,DC947C,2
7D0,DC947D,1
7E8,DC947E,1
7F5,DC947F,1
7G3,DC947G,0
7H1,DC947H,0
7J7,DC947J,0
7K5,DC947K,0
7L3,DC947L,0
7M1,DC947M,0
7N9,DC947N,0
7P4,DC947P,0
7Q2,DC947Q,0
7R0,DC947R,0
7S8,DC947S,0
7T6,DC947T,0
7U4,DC947U,0
7V2,DC947V,0
7W0,DC947W,0
7X8,DC947X,0
7Y6,DC947Y,0
7Z3,DC947Z,0
802,DC9480,0
810,DC9481,5
828,DC9482,3
836,DC9483,2
844,DC9484,1
851,DC9485,0
869,DC9486,0
877,DC9487,0
885,DC9488,0
893,DC9489,0
8A4,DC948A,0
8B2,DC948B,0
8C0,DC948C,0
8D8,DC948D,0
BG3,DC94BG,1
BH1,DC94BH,0
BJ7,DC94BJ,0
BK5,DC94BK,0
BL3,DC94BL,0
BM1,DC94BM,0
BN9,DC94BN,0
BP4,DC94BP,0
BQ2,DC94BQ,0
BR0,DC94BR,0
BS8,DC94BS,0
BT6,DC94BT,0
BU4,DC94BU,0
BV2,DC94BV,0
BW0,DC94BW,0
BX8,DC94BX,0
BY6,DC94BY,0
BZ3,DC94BZ,0
C08,DC94C0,0
C16,DC94C1,0
C24,DC94C2,0
C32,DC94C3,0
C40,DC94C4,0
C57,DC94C5,0
C65,DC94C6,0
C73,DC94C7,0
C81,DC94C8,0
C99,DC94C9,0
CA4,DC94CA,0
CB2,DC94CB,0
CC0,DC94CC,0
CD8,DC94CD,0
CE6,DC94CE,0
CF3,DC94CF,0
CG1,DC94CG,0
CH9,DC94CH,0
CJ5,DC94CJ,0
CK3,DC94CK,0
CL1,DC94CL,0
CM9,DC94CM,0
D98,DC94D9,2
DA2,DC94DA,1
YY0,DC94YY,1
DC8,DC94DC,0
DD6,DC94DD,0
DE4,DC94DE,0
DF1,DC94DF,0
DG9,DC94DG,0
DH7,DC94DH,0
DJ3,DC94DJ,0
DK1,DC94DK,0
DL9,DC94DL,0
DM7,DC94DM,0
DN5,DC94DN,0
DP0,DC94DP,0
DQ8,DC94DQ,0
DR6,DC94DR,0
DS4,DC94DS,0
DT2,DC94DT,0
DU0,DC94DU,0
DV8,DC94DV,0
DW6,DC94DW,0
DX4,DC94DX,0
DY2,DC94DY,0
DZ9,DC94DZ,0
E06,DC94E0,0
E14,DC94E1,0
E22,DC94E2,0
E30,DC94E3,0
E48,DC94E4,0
E55,DC94E5,0
E63,DC94E6,0
EG7,DC94EG,0
EH5,DC94EH,0
EJ1,DC94EJ,0
EK9,DC94EK,0
EL7,DC94EL,0
EM5,DC94EM,0
EN3,DC94EN,0
EP8,DC94EP,0
EQ6,DC94EQ,0
ER4,DC94ER,0
ES2,DC94ES,0
ET0,DC94ET,0
EU8,DC94EU,0
EV6,DC94EV,1
EW4,DC94EW,1
EX2,DC94EX,0
EY0,DC94EY,0
EZ7,DC94EZ,0
F05,DC94F0,0
F13,DC94F1,0
F21,DC94F2,0
F39,DC94F3,0
F47,DC94F4,0
F54,DC94F5,0
F62,DC94F6,0
F70,DC94F7,0
F88,DC94F8,0
F96,DC94F9,0
FA7,DC94FA,0
FB5,DC94FB,0
FC3,DC94FC,0
FD1,DC94FD,0
FE9,DC94FE,0
FF6,DC94FF,0
FG4,DC94FG,0
FH2,DC94FH,0
FZ4,DC94FZ,0
G04,DC94G0,0
G12,DC94G1,0
G20,DC94G2,0
G38,DC94G3,0
G46,DC94G4,0
G53,DC94G5,0
G61,DC94G6,0
G79,DC94G7,0
G87,DC94G8,0
G95,DC94G9,2
GA5,DC94GA,1
GB3,DC94GB,1
GC1,DC94GC,0
GD9,DC94GD,0
GE7,DC94GE,0
GF4,DC94GF,0
GG2,DC94GG,0
GH0,DC94GH,0
GJ6,DC94GJ,0
GK4,DC94GK,0
GL2,DC94GL,0
GM0,DC94GM,0
GN8,DC94GN,0
GP3,DC94GP,0
GQ1,DC94GQ,0
GR9,DC94GR,0
GS7,DC94GS,0
GT5,DC94GT,0
GU3,DC94GU,0
GV1,DC94GV,0
GW9,DC94GW,0
GX7,DC94GX,1
GY5,DC94GY,0
GZ2,DC94GZ,0
H03,DC94H0,0
H11,DC94H1,0
H29,DC94H2,0
H37,DC94H3,0
H45,DC94H4,0
H52,DC94H5,0
H60,DC94H6,0
H78,DC94H7,0
H86,DC94H8,0
H94,DC94H9,0
HA3,DC94HA,0
HB1,DC94HB,0
HC9,DC94HC,0
HD7,DC94HD,0
HE5,DC94HE,0
HF2,DC94HF,0
HG0,DC94HG,0
HH8,DC94HH,0
HJ4,DC94HJ,0
HK2,DC94HK,0
HL0,DC94HL,0
HM8,DC94HM,0
HN6,DC94HN,0
HP1,DC94HP,0
HQ9,DC94HQ,0
HR7,DC94HR,0
HS5,DC94HS,0
HT3,DC94HT,0
HU1,DC94HU,0
HV9,DC94HV,0
HW7,DC94HW,0
ZD9,DC94ZD,2
ZE7,DC94ZE,2
ZF4,DC94ZF,3
ZG2,DC94ZG,4
ZH0,DC94ZH,4
ZJ6,DC94ZJ,5
ZK4,DC94ZK,5
ZR9,DC94ZR,2
ZS7,DC94ZS,3
ZT5,DC94ZT,4
ZU3,DC94ZU,4
ZV1,DC94ZV,5
ZW9,DC94ZW,5
023,DC9502,2
031,DC9503,3
049,DC9504,4
056,DC9505,4
064,DC9506,5
0C6,DC950C,3
0D4,DC950D,3
0E2,DC950E,4
0F9,DC950F,5
0M5,DC950M,3
0N3,DC950N,4
0P8,DC950P,4
0V6,DC950V,3
0W4,DC950W,4
122,DC9512,3
221,DC9522,2
239,DC9523,3
247,DC9524,4
254,DC9525,5
262,DC9526,5
270,DC9527,6
288,DC9528,6
2E8,DC952E,3
2F5,DC952F,4
2G3,DC952G,4
2H1,DC952H,5
2J7,DC952J,5
2K5,DC952K,6
2R0,DC952R,3
2S8,DC952S,4
2T6,DC952T,5
2U4,DC952U,5
2V2,DC952V,6
312,DC9531,3
320,DC9532,4
338,DC9533,5
346,DC9534,6
3A4,DC953A,3
3B2,DC953B,4
3C0,DC953C,5
3J5,DC953J,3
3K3,DC953K,4
3R8,DC953R,4
4R6,DC954R,3
4S4,DC954S,4
4T2,DC954T,5
4U0,DC954U,6
4V8,DC954V,6
4W6,DC954W,7
4X4,DC954X,7
536,DC9553,4
544,DC9554,5
551,DC9555,5
569,DC9556,6
577,DC9557,7
585,DC9558,7
5E1,DC955E,4
5F8,DC955F,5
5G6,DC955G,6
5H4,DC955H,6
5J0,DC955J,7
5Q5,DC955Q,4
5R3,DC955R,5
5S1,DC955S,6
5T9,DC955T,6
5Z6,DC955Z,4
601,DC9560,5
619,DC9561,6
676,DC9567,4
684,DC9568,5
6E9,DC956E,4
7E7,DC957E,5
7F4,DC957F,6
7G2,DC957G,7
7H0,DC957H,7
7J6,DC957J,8
7K4,DC957K,8
7L2,DC957L,8
7S7,DC957S,5
7T5,DC957T,6
7U3,DC957U,7
7V1,DC957V,8
7W9,DC957W,8
7X7,DC957X,8
833,DC9583,5
841,DC9584,6
858,DC9585,7
866,DC9586,8
874,DC9587,8
8D7,DC958D,5
8E5,DC958E,7
8F2,DC958F,7
8G0,DC958G,8
8N6,DC958N,6
8P1,DC958P,7
8Q9,DC958Q,7
8W7,DC958W,6
8X5,DC958X,7
932,DC9593,6
A33,DC95A3,7
A41,DC95A4,8
A58,DC95A5,8
A66,DC95A6,9
A74,DC95A7,9
A82,DC95A8,9
A90,DC95A9,9
AF4,DC95AF,7
AG2,DC95AG,8
AH0,DC95AH,8
AJ6,DC95AJ,9
AK4,DC95AK,9
AL2,DC95AL,9
AS7,DC95AS,7
AT5,DC95AT,8
AU3,DC95AU,8
AV1,DC95AV,9
AW9,DC95AW,9
B24,DC95B2,7
B32,DC95B3,8
B40,DC95B4,8
B57,DC95B5,9
BB1,DC95BB,7
BC9,DC95BC,8
BD7,DC95BD,8
BK2,DC95BK,7
BL0,DC95BL,8
BS5,DC95BS,7
CS3,DC95CS,9
CT1,DC95CT,9
CU9,DC95CU,9
CV7,DC95CV,9
CW5,DC95CW,9
CX3,DC95CX,9
CY1,DC95CY,9
D48,DC95D4,9
D55,DC95D5,9
D63,DC95D6,9
D71,DC95D7,9
D89,DC95D8,9
D97,DC95D9,9
DF8,DC95DF,9
DG6,DC95DG,9
DH4,DC95DH,9
DJ0,DC95DJ,9
DK8,DC95DK,9
DR3,DC95DR,9
DS1,DC95DS,9
DT9,DC95DT,9
DU7,DC95DU,9
E05,DC95E0,9
E13,DC95E1,9
E21,DC95E2,9
E88,DC95E8,9
E96,DC95E9,9
EF6,DC95EF,9
HL7,DC95HL,5
HM5,DC95HM,5
HN3,DC95HN,6
HP8,DC95HP,7
HQ6,DC95HQ,7
HR4,DC95HR,7
HS2,DC95HS,8
HT0,DC95HT,8
HU8,DC95HU,8
HV6,DC95HV,8
HW4,DC95HW,8
HX2,DC95HX,8
HY0,DC95HY,8
HZ7,DC95HZ,5
J00,DC95J0,6
J18,DC95J1,6
J26,DC95J2,7
J34,DC95J3,7
J42,DC95J4,8
J59,DC95J5,8
J67,DC95J6,8
J75,DC95J7,8
J83,DC95J8,8
J91,DC95J9,8
JA6,DC95JA,9
JB4,DC95JB,5
JC2,DC95JC,6
JD0,DC95JD,6
JE8,DC95JE,7
JF5,DC95JF,7
JG3,DC95JG,8
JH1,DC95JH,8
JJ7,DC95JJ,8
JK5,DC95JK,8
JL3,DC95JL,8
JM1,DC95JM,9
JN9,DC95JN,5
JP4,DC95JP,6
JQ2,DC95JQ,7
JR0,DC95JR,7
JS8,DC95JS,8
JT6,DC95JT,8
JU4,DC95JU,8
JV2,DC95JV,8
JW0,DC95JW,9
JX8,DC95JX,9
JY6,DC95JY,5
JZ3,DC95JZ,6
K07,DC95K0,7
K15,DC95K1,7
K23,DC95K2,8
K31,DC95K3,8
K49,DC95K4,8
K56,DC95K5,8
K64,DC95K6,9
K72,DC95K7,5
K80,DC95K8,6
K98,DC95K9,7
KA4,DC95KA,7
KB2,DC95KB,8
KC0,DC95KC,8
KD8,DC95KD,8
KE6,DC95KE,9
KF3,DC95KF,5
KG1,DC95KG,6
KH9,DC95KH,7
KJ5,DC95KJ,7
KK3,DC95KK,8
KL1,DC95KL,8
KM9,DC95KM,8
KN7,DC95KN,5
KP2,DC95KP,6
KQ0,DC95KQ,7
KR8,DC95KR,7
KS6,DC95KS,8
KT4,DC95KT,8
KU2,DC95KU,5
KV0,DC95KV,6
KW8,DC95KW,7
KX6,DC95KX,8
KY4,DC95KY,8
KZ1,DC95KZ,5
L06,DC95L0,6
L14,DC95L1,7
L22,DC95L2,8
L30,DC95L3,5
L48,DC95L4,6
L55,DC95L5,7
L63,DC95L6,5
L71,DC95L7,6
L89,DC95L8,6
L97,DC95L9,5
LA2,DC95LA,6
LB0,DC95LB,7
LC8,DC95LC,7
LD6,DC95LD,8
LE4,DC95LE,8
LF1,DC95LF,8
LG9,DC95LG,8
LH7,DC95LH,8
LJ3,DC95LJ,9
LK1,DC95LK,9
LL9,DC95LL,9
LM7,DC95LM,9
LN5,DC95LN,5
LP0,DC95LP,6
LQ8,DC95LQ,7
LR6,DC95LR,7
LS4,DC95LS,8
LT2,DC95LT,8
LU0,DC95LU,8
LV8,DC95LV,9
LW6,DC95LW,9
LX4,DC95LX,9
LY2,DC95LY,9
LZ9,DC95LZ,9
M05,DC95M0,6
M13,DC95M1,6
M21,DC95M2,7
M39,DC95M3,8
M47,DC95M4,8
M54,DC95M5,8
M62,DC95M6,8
M70,DC95M7,9
M88,DC95M8,9
M96,DC95M9,9
MA0,DC95MA,9
MB8,DC95MB,6
MC6,DC95MC,7
MD4,DC95MD,7
ME2,DC95ME,8
MF9,DC95MF,8
MG7,DC95MG,8
MH5,DC95MH,9
MJ1,DC95MJ,9
MK9,DC95MK,9
ML7,DC95ML,9
MM5,DC95MM,6
MN3,DC95MN,7
MP8,DC95MP,7
MQ6,DC95MQ,8
MR4,DC95MR,8
MS2,DC95MS,8
MT0,DC95MT,9
MU8,DC95MU,9
MV6,DC95MV,9
MW4,DC95MW,6
MX2,DC95MX,7
MY0,DC95MY,7
MZ7,DC95MZ,8
N04,DC95N0,8
N12,DC95N1,9
N20,DC95N2,9
N38,DC95N3,9
N46,DC95N4,6
N53,DC95N5,7
N61,DC95N6,7
N79,DC95N7,8
N87,DC95N8,8
N95,DC95N9,9
NA8,DC95NA,9
NB6,DC95NB,6
NC4,DC95NC,7
ND2,DC95ND,7
NE0,DC95NE,8
NF7,DC95NF,8
NG5,DC95NG,9
NH3,DC95NH,6
NJ9,DC95NJ,7
NK7,DC95NK,7
NL5,DC95NL,8
NM3,DC95NM,8
NN1,DC95NN,6
NP6,DC95NP,7
NQ4,DC95NQ,8
NR2,DC95NR,8
NS0,DC95NS,6
NT8,DC95NT,7
NU6,DC95NU,8
NV4,DC95NV,6
NW2,DC95NW,7
NX0,DC95NX,6
NY8,DC95NY,6
NZ5,DC95NZ,7
P02,DC95P0,8
P10,DC95P1,8
P28,DC95P2,8
P36,DC95P3,9
P44,DC95P4,9
P51,DC95P5,9
P69,DC95P6,9
P77,DC95P7,9
P85,DC95P8,9
P93,DC95P9,9
PA3,DC95PA,9
PB1,DC95PB,6
PC9,DC95PC,7
PD7,DC95PD,8
PE5,DC95PE,8
PF2,DC95PF,8
PG0,DC95PG,9
PH8,DC95PH,9
PJ4,DC95PJ,9
PK2,DC95PK,9
PL0,DC95PL,9
PM8,DC95PM,9
PN6,DC95PN,9
PP1,DC95PP,6
PQ9,DC95PQ,7
PR7,DC95PR,8
PS5,DC95PS,8
PT3,DC95PT,9
PU1,DC95PU,9
PV9,DC95PV,9
PW7,DC95PW,9
PX5,DC95PX,9
PY3,DC95PY,9
PZ0,DC95PZ,9
Q01,DC95Q0,7
Q19,DC95Q1,7
Q27,DC95Q2,8
Q35,DC95Q3,8
Q43,DC95Q4,9
Q50,DC95Q5,9
Q68,DC95Q6,9
Q76,DC95Q7,9
Q84,DC95Q8,9
Q92,DC95Q9,9
QA1,DC95QA,7
QB9,DC95QB,7
QC7,DC95QC,8
QD5,DC95QD,8
QE3,DC95QE,9
QF0,DC95QF,9
QG8,DC95QG,9
QH6,DC95QH,9
QJ2,DC95QJ,9
QK0,DC95QK,7
QL8,DC95QL,7
QM6,DC95QM,8
QN4,DC95QN,8
QP9,DC95QP,9
QQ7,DC95QQ,9
QR5,DC95QR,9
QS3,DC95QS,9
QT1,DC95QT,7
QU9,DC95QU,7
QV7,DC95QV,8
QW5,DC95QW,8
QX3,DC95QX,9
QY1,DC95QY,9
QZ8,DC95QZ,9
R00,DC95R0,7
R18,DC95R1,7
R26,DC95R2,8
R34,DC95R3,8
R42,DC95R4,9
R59,DC95R5,9
R67,DC95R6,7
R75,DC95R7,7
R83,DC95R8,8
R91,DC95R9,8
RA9,DC95RA,9
RB7,DC95RB,7
RC5,DC95RC,7
RD3,DC95RD,8
RE1,DC95RE,8
RF8,DC95RF,7
RG6,DC95RG,7
RH4,DC95RH,8
RJ0,DC95RJ,7
RK8,DC95RK,7
RL6,DC95RL,7
RM4,DC95RM,7
RN2,DC95RN,8
RP7,DC95RP,9
RQ5,DC95RQ,9
RR3,DC95RR,9
RS1,DC95RS,9
RT9,DC95RT,9
RU7,DC95RU,9
RV5,DC95RV,9
RW3,DC95RW,9
RX1,DC95RX,9
RY9,DC95RY,9
RZ6,DC95RZ,9
S09,DC95S0,8
S17,DC95S1,8
S25,DC95S2,9
S33,DC95S3,9
S41,DC95S4,9
S58,DC95S5,9
S66,DC95S6,9
S74,DC95S7,9
S82,DC95S8,9
S90,DC95S9,9
SA7,DC95SA,9
SB5,DC95SB,9
SC3,DC95SC,8
SD1,DC95SD,8
SE9,DC95SE,9
SF6,DC95SF,9
SG4,DC95SG,9
SH2,DC95SH,9
SJ8,DC95SJ,9
SK6,DC95SK,9
SL4,DC95SL,9
SM2,DC95SM,9
SN0,DC95SN,9
SP5,DC95SP,8
SQ3,DC95SQ,8
SR1,DC95SR,9
SS9,DC95SS,9
ST7,DC95ST,9
SU5,DC95SU,9
SV3,DC95SV,9
SW1,DC95SW,9
SX9,DC95SX,9
SY7,DC95SY,9
SZ4,DC95SZ,8
T08,DC95T0,8
T16,DC95T1,9
T24,DC95T2,9
T32,DC95T3,9
T40,DC95T4,9
T57,DC95T5,9
T65,DC95T6,9
T73,DC95T7,9
T81,DC95T8,8
T99,DC95T9,8
TA5,DC95TA,9
TB3,DC95TB,9
TC1,DC95TC,9
TD9,DC95TD,9
TE7,DC95TE,9
TF4,DC95TF,9
TG2,DC95TG,8
TH0,DC95TH,8
TJ6,DC95TJ,9
TK4,DC95TK,9
TL2,DC95TL,9
TM0,DC95TM,9
TN8,DC95TN,9
TP3,DC95TP,8
TQ1,DC95TQ,8
TR9,DC95TR,9
TS7,DC95TS,9
TT5,DC95TT,9
TU3,DC95TU,9
TV1,DC95TV,8
TW9,DC95TW,8
TX7,DC95TX,9
TY5,DC95TY,9
TZ2,DC95TZ,9
U05,DC95U0,8
U13,DC95U1,8
U21,DC95U2,9
U39,DC95U3,9
U47,DC95U4,8
U54,DC95U5,8
U62,DC95U6,9
U70,DC95U7,8
U88,DC95U8,8
U96,DC95U9,8
UA3,DC95UA,9
UB1,DC95UB,9
UC9,DC95UC,9
UD7,DC95UD,9
UE5,DC95UE,9
UF2,DC95UF,9
UG0,DC95UG,9
UH8,DC95UH,9
UJ4,DC95UJ,9
UK2,DC95UK,9
UL0,DC95UL,9
UM8,DC95UM,9
UN6,DC95UN,9
UP1,DC95UP,9
UQ9,DC95UQ,9
UR7,DC95UR,9
US5,DC95US,9
UT3,DC95UT,9
UU1,DC95UU,9
UV9,DC95UV,9
UW7,DC95UW,9
UX5,DC95UX,9
UY3,DC95UY,9
UZ0,DC95UZ,9
V04,DC95V0,9
V12,DC95V1,9
V20,DC95V2,9
V38,DC95V3,9
V46,DC95V4,9
V53,DC95V5,9
V61,DC95V6,9
V79,DC95V7,9
V87,DC95V8,9
V95,DC95V9,9
VA1,DC95VA,9
VB9,DC95VB,9
VC7,DC95VC,9
VD5,DC95VD,9
VE3,DC95VE,9
VF0,DC95VF,9
VG8,DC95VG,9
VH6,DC95VH,9
VJ2,DC95VJ,9
VK0,DC95VK,9
VL8,DC95VL,9
VM6,DC95VM,9
VN4,DC95VN,9
VP9,DC95VP,9
VQ7,DC95VQ,9
VR5,DC95VR,9
VS3,DC95VS,9
VT1,DC95VT,9
VU9,DC95VU,9
VV7,DC95VV,9
VW5,DC95VW,9
VX3,DC95VX,9
VY1,DC95VY,9
VZ8,DC95VZ,9
W03,DC95W0,9
W11,DC95W1,9
W29,DC95W2,9
W37,DC95W3,9
W45,DC95W4,9
W52,DC95W5,9
W60,DC95W6,9
W78,DC95W7,9
W86,DC95W8,9
W94,DC95W9,9
WA9,DC95WA,9
WB7,DC95WB,9
WC5,DC95WC,9
WD3,DC95WD,9
WE1,DC95WE,9
WF8,DC95WF,9
WG6,DC95WG,9
WH4,DC95WH,9
WJ0,DC95WJ,9
WK8,DC95WK,9
WL6,DC95WL,9
WM4,DC95WM,9
WN2,DC95WN,9
WP7,DC95WP,9
WQ5,DC95WQ,9
WR3,DC95WR,9
WS1,DC95WS,9
WT9,DC95WT,9
WU7,DC95WU,9
WV5,DC95WV,9
WW3,DC95WW,9
WX1,DC95WX,9
WY9,DC95WY,9
WZ6,DC95WZ,9
X02,DC95X0,9
X10,DC95X1,9
X28,DC95X2,9
X36,DC95X3,9
X44,DC95X4,9
X51,DC95X5,9
X69,DC95X6,9
X77,DC95X7,9
X85,DC95X8,9
X93,DC95X9,9
XA7,DC95XA,9
XB5,DC95XB,9
XC3,DC95XC,9
XD1,DC95XD,9
XE9,DC95XE,9
XF6,DC95XF,9
XG4,DC95XG,9
XH2,DC95XH,9
XJ8,DC95XJ,9
XK6,DC95XK,9
XL4,DC95XL,9
XM2,DC95XM,9
XN0,DC95XN,9
XP5,DC95XP,9
XQ3,DC95XQ,9
XR1,DC95XR,9
XS9,DC95XS,9
XT7,DC95XT,9
XU5,DC95XU,9
XV3,DC95XV,9
XW1,DC95XW,9
XX9,DC95XX,9
XY7,DC95XY,9
XZ4,DC95XZ,9
Y01,DC95Y0,9
Y19,DC95Y1,9
Y27,DC95Y2,9
Y35,DC95Y3,9
Y43,DC95Y4,9
Y50,DC95Y5,9
Y68,DC95Y6,9
Y76,DC95Y7,9
Y84,DC95Y8,9
Y92,DC95Y9,9
YA5,DC95YA,9
YB3,DC95YB,9
YC1,DC95YC,9
YD9,DC95YD,9
YE7,DC95YE,9
YF4,DC95YF,9
YG2,DC95YG,9
YH0,DC95YH,9
YJ6,DC95YJ,9
YK4,DC95YK,9
YL2,DC95YL,9
YM0,DC95YM,9
YN8,DC95YN,9
YP3,DC95YP,9
YQ1,DC95YQ,9
YR9,DC95YR,9
YS7,DC95YS,9
YT5,DC95YT,9
YU3,DC95YU,9
YV1,DC95YV,9
YW9,DC95YW,9
YX7,DC95YX,9
YY5,DC95YY,9
YZ2,DC95YZ,9
Z00,DC95Z0,9
Z18,DC95Z1,9
Z26,DC95Z2,9
Z34,DC95Z3,9
Z42,DC95Z4,9
Z59,DC95Z5,9
Z67,DC95Z6,9
Z75,DC95Z7,9
Z83,DC95Z8,9
Z91,DC95Z9,9
ZA2,DC95ZA,9
ZB0,DC95ZB,9
ZC8,DC95ZC,9
ZD6,DC95ZD,9
ZE4,DC95ZE,9
ZF1,DC95ZF,9
ZG9,DC95ZG,9
ZH7,DC95ZH,9
ZJ3,DC95ZJ,9
ZK1,DC95ZK,9
ZL9,DC95ZL,9
ZM7,DC95ZM,9
2E7,DC962E,4
2F4,DC962F,6
2G2,DC962G,7
2H0,DC962H,8
2J6,DC962J,8
2K4,DC962K,8
2Q1,DC962Q,4
2R9,DC962R,6
2S7,DC962S,7
2T5,DC962T,8
2U3,DC962U,8
2V1,DC962V,9
302,DC9630,4
310,DC9631,6
328,DC9632,7
336,DC9633,8
344,DC9634,8
369,DC9636,9
3C9,DC963C,4
3D7,DC963D,6
3E5,DC963E,7
3F2,DC963F,8
3G0,DC963G,9
3H8,DC963H,9
3N6,DC963N,4
3P1,DC963P,6
3Q9,DC963Q,7
3R7,DC963R,8
3S5,DC963S,9
3T3,DC963T,9
3V9,DC963V,4
3Y3,DC963Y,6
401,DC9640,4
419,DC9641,7
427,DC9642,6
435,DC9643,7
443,DC9644,8
450,DC9645,8
468,DC9646,9
476,DC9647,9
484,DC9648,9
4D5,DC964D,9
4E3,DC964E,4
4F0,DC964F,6
4G8,DC964G,7
4H6,DC964H,8
4J2,DC964J,9
4K0,DC964K,9
4S3,DC964S,4
4T1,DC964T,6
4U9,DC964U,7
4V7,DC964V,8
4W5,DC964W,9
534,DC9653,4
542,DC9654,6
559,DC9655,4
567,DC9656,7
575,DC9657,6
583,DC9658,8
5B6,DC965B,8
5E0,DC965E,8
5F7,DC965F,4
5G5,DC965G,9
5H3,DC965H,6
5J9,DC965J,7
5K7,DC965K,9
5Q4,DC965Q,4
5U6,DC965U,6
5X0,DC965X,5
5Y8,DC965Y,6
5Z5,DC965Z,8
609,DC9660,8
617,DC9661,9
625,DC9662,9
674,DC9667,5
682,DC9668,7
690,DC9669,8
6A6,DC966A,8
6B4,DC966B,9
6C2,DC966C,9
6H1,DC966H,5
6J7,DC966J,7
6K5,DC966K,8
6L3,DC966L,9
6M1,DC966M,9
6N9,DC966N,9
6T6,DC966T,5
6U4,DC966U,7
6V2,DC966V,8
6W0,DC966W,9
6X8,DC966X,9
6Y6,DC966Y,9
732,DC9673,5
740,DC9674,7
757,DC9675,8
765,DC9676,9
773,DC9677,9
781,DC9678,9
7D8,DC967D,5
7E6,DC967E,7
7F3,DC967F,8
7G1,DC967G,9
7H9,DC967H,9
7N7,DC967N,5
7P2,DC967P,7
7Q0,DC967Q,8
7R8,DC967R,9
7W8,DC967W,5
7X6,DC967X,7
7Y4,DC967Y,8
831,DC9683,5
849,DC9684,7
880,DC9688,5
898,DC9689,7
8A2,DC968A,8
8B0,DC968B,9
8C8,DC968C,9
8D6,DC968D,9
8J3,DC968J,5
8K1,DC968K,7
8L9,DC968L,8
8M7,DC968M,9
8N5,DC968N,9
8P0,DC968P,9
8U0,DC968U,5
8V8,DC968V,7
8W6,DC968W,8
8X4,DC968X,9
8Y2,DC968Y,9
8Z9,DC968Z,9
948,DC9694,5
955,DC9695,7
963,DC9696,8
971,DC9697,9
989,DC9698,6
997,DC9699,9
9A0,DC969A,9
9F9,DC969F,5
9G7,DC969G,7
9H5,DC969H,8
9J1,DC969J,9
9K9,DC969K,9
9L7,DC969L,9
9R4,DC969R,5
9S2,DC969S,7
9T0,DC969T,8
9U8,DC969U,9
9V6,DC969V,9
9W4,DC969W,9
A16,DC96A1,5
A24,DC96A2,7
A32,DC96A3,8
A40,DC96A4,9
A57,DC96A5,9
A65,DC96A6,9
AB1,DC96AB,5
AC9,DC96AC,7
AD7,DC96AD,8
AE5,DC96AE,9
AF2,DC96AF,9
AL0,DC96AL,5
AM8,DC96AM,7
AN6,DC96AN,8
AP1,DC96AP,9
AU1,DC96AU,5
AV9,DC96AV,7
AW7,DC96AW,8
B15,DC96B1,5
B23,DC96B2,7
B64,DC96B6,8
B72,DC96B7,9
B80,DC96B8,9
B98,DC96B9,9
BA1,DC96BA,9
BF0,DC96BF,6
BG8,DC96BG,8
BH6,DC96BH,9
BJ2,DC96BJ,9
BK0,DC96BK,9
BL8,DC96BL,9
BR5,DC96BR,6
BS3,DC96BS,8
BT1,DC96BT,9
BU9,DC96BU,9
BV7,DC96BV,9
BW5,DC96BW,9
C14,DC96C1,6
C22,DC96C2,8
C30,DC96C3,9
C48,DC96C4,9
C55,DC96C5,9
C63,DC96C6,9
CB7,DC96CB,6
CC5,DC96CC,8
CD3,DC96CD,9
CE1,DC96CE,9
CF8,DC96CF,9
CG6,DC96CG,9
CM4,DC96CM,6
CN2,DC96CN,8
CP7,DC96CP,9
CQ5,DC96CQ,9
CR3,DC96CR,9
CS1,DC96CS,9
CX1,DC96CX,6
CY9,DC96CY,8
CZ6,DC96CZ,9
D05,DC96D0,9
D13,DC96D1,9
D21,DC96D2,9
D70,DC96D7,6
D88,DC96D8,8
D96,DC96D9,9
DA7,DC96DA,9
YY5,DC96YY,9
DG4,DC96DG,6
DH2,DC96DH,8
DJ8,DC96DJ,9
DK6,DC96DK,9
DQ3,DC96DQ,6
DR1,DC96DR,8
DS9,DC96DS,9
DX9,DC96DX,6
DY7,DC96DY,8
E20,DC96E2,8
E38,DC96E3,9
E46,DC96E4,9
E53,DC96E5,9
E61,DC96E6,9
E79,DC96E7,9
EC1,DC96EC,8
ED9,DC96ED,9
EE7,DC96EE,9
EF4,DC96EF,9
EG2,DC96EG,9
EH0,DC96EH,9
EN8,DC96EN,8
EP3,DC96EP,9
EQ1,DC96EQ,9
ER9,DC96ER,9
ES7,DC96ES,9
ET5,DC96ET,9
EY5,DC96EY,8
EZ2,DC96EZ,9
F03,DC96F0,9
F11,DC96F1,9
F29,DC96F2,9
F37,DC96F3,9
F86,DC96F8,8
F94,DC96F9,9
FA2,DC96FA,9
FB0,DC96FB,9
FC8,DC96FC,9
FD6,DC96FD,9
FJ3,DC96FJ,8
FK1,DC96FK,9
FL9,DC96FL,9
FM7,DC96FM,9
FN5,DC96FN,9
FP0,DC96FP,9
FU0,DC96FU,8
FV8,DC96FV,9
FW6,DC96FW,9
FX4,DC96FX,9
FY2,DC96FY,9
FZ9,DC96FZ,9
G44,DC96G4,8
G51,DC96G5,9
G69,DC96G6,9
G77,DC96G7,9
G85,DC96G8,9
GD4,DC96GD,8
GE2,DC96GE,9
GF9,DC96GF,9
GG7,DC96GG,9
GM5,DC96GM,8
GN3,DC96GN,9
GP8,DC96GP,9
GU8,DC96GU,8
GV6,DC96GV,9
GZ7,DC96GZ,9
H01,DC96H0,9
H19,DC96H1,9
H27,DC96H2,9
H35,DC96H3,9
H43,DC96H4,9
H92,DC96H9,9
HA8,DC96HA,9
HB6,DC96HB,9
HC4,DC96HC,9
HD2,DC96HD,9
HE0,DC96HE,9
HK7,DC96HK,9
HL5,DC96HL,9
HM3,DC96HM,9
HN1,DC96HN,9
HP6,DC96HP,9
HQ4,DC96HQ,9
HV4,DC96HV,9
HW2,DC96HW,9
HX0,DC96HX,9
HY8,DC96HY,9
HZ5,DC96HZ,9
J09,DC96J0,9
J58,DC96J5,9
J66,DC96J6,9
J74,DC96J7,9
J82,DC96J8,9
J90,DC96J9,9
JA4,DC96JA,9
JF3,DC96JF,9
JG1,DC96JG,9
JH9,DC96JH,9
JJ5,DC96JJ,9
JK3,DC96JK,9
JL1,DC96JL,9
JR8,DC96JR,9
JS6,DC96JS,9
JT4,DC96JT,9
JU2,DC96JU,9
JV0,DC96JV,9
JW8,DC96JW,9
K14,DC96K1,9
K22,DC96K2,9
K30,DC96K3,9
K48,DC96K4,9
K55,DC96K5,9
KA2,DC96KA,9
KB0,DC96KB,9
KC8,DC96KC,9
KD6,DC96KD,9
KJ3,DC96KJ,9
KK1,DC96KK,9
KL9,DC96KL,9
KR6,DC96KR,9
KS4,DC96KS,9
PS3,DC96PS,0
PT1,DC96PT,0
PU9,DC96PU,0
PV7,DC96PV,0
PW5,DC96PW,0
PX3,DC96PX,1
PY1,DC96PY,1
PZ8,DC96PZ,1
Q00,DC96Q0,1
Q18,DC96Q1,1
Q26,DC96Q2,0
Q34,DC96Q3,1
Q42,DC96Q4,1
Q59,DC96Q5,1
Q67,DC96Q6,1
Q75,DC96Q7,1
Q83,DC96Q8,1
Q91,DC96Q9,1
QA9,DC96QA,2
QB7,DC96QB,1
QC5,DC96QC,1
QD3,DC96QD,1
QE1,DC96QE,2
QF8,DC96QF,2
QG6,DC96QG,2
QH4,DC96QH,2
QJ0,DC96QJ,2
QK8,DC96QK,1
QL6,DC96QL,2
QM4,DC96QM,2
QN2,DC96QN,2
QP7,DC96QP,3
QQ5,DC96QQ,3
QR3,DC96QR,3
QS1,DC96QS,2
QT9,DC96QT,3
QU7,DC96QU,3
QV5,DC96QV,3
QW3,DC96QW,3
QX1,DC96QX,4
QY9,DC96QY,3
QZ6,DC96QZ,3
R09,DC96R0,4
R17,DC96R1,4
R25,DC96R2,4
R33,DC96R3,4
R41,DC96R4,4
R58,DC96R5,4
R66,DC96R6,5
R74,DC96R7,4
R82,DC96R8,4
R90,DC96R9,5
RA7,DC96RA,5
RB5,DC96RB,5
RC3,DC96RC,5
RD1,DC96RD,0
RE9,DC96RE,0
RF6,DC96RF,0
RG4,DC96RG,0
RH2,DC96RH,1
RJ8,DC96RJ,1
RK6,DC96RK,1
RL4,DC96RL,1
RM2,DC96RM,1
RN0,DC96RN,1
RP5,DC96RP,2
RQ3,DC96RQ,2
RR1,DC96RR,2
RS9,DC96RS,2
RT7,DC96RT,2
RU5,DC96RU,2
RV3,DC96RV,2
RW1,DC96RW,2
RX9,DC96RX,3
RY7,DC96RY,3
RZ4,DC96RZ,3
S08,DC96S0,3
S16,DC96S1,3
S24,DC96S2,3
S32,DC96S3,3
S40,DC96S4,4
S57,DC96S5,4
S65,DC96S6,4
S73,DC96S7,4
S81,DC96S8,4
S99,DC96S9,4
SA5,DC96SA,4
SB3,DC96SB,5
SC1,DC96SC,5
SD9,DC96SD,5
SE7,DC96SE,4
SF4,DC96SF,5
SG2,DC96SG,5
SH0,DC96SH,5
SJ6,DC96SJ,5
SK4,DC96SK,5
SL2,DC96SL,5
SM0,DC96SM,5
SN8,DC96SN,6
SP3,DC96SP,6
SQ1,DC96SQ,5
SR9,DC96SR,5
SS7,DC96SS,5
ST5,DC96ST,6
SU3,DC96SU,6
SV1,DC96SV,5
SW9,DC96SW,6
SX7,DC96SX,6
SY5,DC96SY,6
SZ2,DC96SZ,6
T07,DC96T0,6
T15,DC96T1,6
T23,DC96T2,6
T31,DC96T3,6
T49,DC96T4,6
TA3,DC96TA,1
TB1,DC96TB,1
TC9,DC96TC,1
TD7,DC96TD,1
TE5,DC96TE,1
TF2,DC96TF,2
TG0,DC96TG,2
TH8,DC96TH,2
TJ4,DC96TJ,2
TK2,DC96TK,2
TL0,DC96TL,2
TM8,DC96TM,2
TN6,DC96TN,3
TP1,DC96TP,3
TQ9,DC96TQ,3
TR7,DC96TR,3
TS5,DC96TS,3
TT3,DC96TT,3
TU1,DC96TU,3
TV9,DC96TV,4
TW7,DC96TW,4
TX5,DC96TX,4
TY3,DC96TY,4
TZ0,DC96TZ,4
U04,DC96U0,4
U12,DC96U1,4
U20,DC96U2,5
U38,DC96U3,5
U46,DC96U4,5
U53,DC96U5,5
U61,DC96U6,5
U79,DC96U7,5
U87,DC96U8,5
U95,DC96U9,5
UA1,DC96UA,6
VD3,DC96VD,0
VE1,DC96VE,1
VF8,DC96VF,1
VG6,DC96VG,1
VH4,DC96VH,1
VJ0,DC96VJ,1
VK8,DC96VK,1
VL6,DC96VL,1
VM4,DC96VM,1
VN2,DC96VN,1
VP7,DC96VP,1
VQ5,DC96VQ,1
VR3,DC96VR,2
VS1,DC96VS,2
VT9,DC96VT,2
VU7,DC96VU,2
VV5,DC96VV,2
VW3,DC96VW,2
VX1,DC96VX,2
VY9,DC96VY,2
VZ6,DC96VZ,2
W02,DC96W0,3
W10,DC96W1,3
W28,DC96W2,3
W36,DC96W3,3
W44,DC96W4,3
W51,DC96W5,3
W69,DC96W6,3
W77,DC96W7,3
W85,DC96W8,4
W93,DC96W9,4
WA7,DC96WA,4
WB5,DC96WB,4
WC3,DC96WC,4
WD1,DC96WD,4
WE9,DC96WE,4
WF6,DC96WF,4
WG4,DC96WG,5
WH2,DC96WH,5
WJ8,DC96WJ,5
WK6,DC96WK,5
WL4,DC96WL,5
WM2,DC96WM,5
WN0,DC96WN,5
WP5,DC96WP,6
WQ3,DC96WQ,5
WR1,DC96WR,6
WS9,DC96WS,6
WT7,DC96WT,6
WU5,DC96WU,6
WV3,DC96WV,6
WW1,DC96WW,6
WX9,DC96WX,6
WY7,DC96WY,7
WZ4,DC96WZ,7
Y26,DC96Y2,1
Y34,DC96Y3,1
Y42,DC96Y4,1
Y59,DC96Y5,1
Y67,DC96Y6,1
Y75,DC96Y7,1
Y83,DC96Y8,1
Y91,DC96Y9,1
YA3,DC96YA,1
YB1,DC96YB,1
YC9,DC96YC,2
YD7,DC96YD,2
YE5,DC96YE,2
YF2,DC96YF,2
YG0,DC96YG,2
YH8,DC96YH,2
YJ4,DC96YJ,2
YK2,DC96YK,2
YL0,DC96YL,2
YM8,DC96YM,3
YN6,DC96YN,3
YP1,DC96YP,3
YQ9,DC96YQ,3
YR7,DC96YR,3
YS5,DC96YS,4
YT3,DC96YT,4
YU1,DC96YU,4
YV9,DC96YV,4
YW7,DC96YW,4
YX5,DC96YX,4
YY3,DC96YY,5
YZ0,DC96YZ,5
Z09,DC96Z0,5
Z17,DC96Z1,5
Z25,DC96Z2,5
Z33,DC96Z3,5
Z41,DC96Z4,5
Z58,DC96Z5,6
Z66,DC96Z6,6
Z74,DC96Z7,6
Z82,DC96Z8,6
Z90,DC96Z9,6
ZA0,DC96ZA,6
ZB8,DC96ZB,6
ZC6,DC96ZC,7
ZD4,DC96ZD,7
ZE2,DC96ZE,7
ZF9,DC96ZF,7
ZG7,DC96ZG,7
ZH5,DC96ZH,7
ZJ1,DC96ZJ,7
ZK9,DC96ZK,8
ZL7,DC96ZL,8
ZM5,DC96ZM,8
ZN3,DC96ZN,8
0R2,DC970R,1
0S0,DC970S,1
0T8,DC970T,1
0U6,DC970U,2
0V4,DC970V,2
0W2,DC970W,2
0X0,DC970X,2
0Y8,DC970Y,2
0Z5,DC970Z,2
102,DC9710,2
110,DC9711,3
128,DC9712,3
136,DC9713,3
144,DC9714,3
151,DC9715,3
169,DC9716,3
177,DC9717,3
185,DC9718,3
193,DC9719,3
1A6,DC971A,4
1B4,DC971B,4
1C2,DC971C,5
1D0,DC971D,5
1E8,DC971E,5
1F5,DC971F,5
1G3,DC971G,5
1H1,DC971H,5
1J7,DC971J,5
1K5,DC971K,6
1L3,DC971L,6
1M1,DC971M,6
1N9,DC971N,6
1P4,DC971P,6
1Q2,DC971Q,6
1R0,DC971R,6
1S8,DC971S,7
1T6,DC971T,7
1U4,DC971U,7
1V2,DC971V,7
1W0,DC971W,7
1X8,DC971X,7
1Y6,DC971Y,7
1Z3,DC971Z,8
201,DC9720,8
219,DC9721,8
227,DC9722,8
235,DC9723,8
243,DC9724,8
250,DC9725,8
268,DC9726,8
276,DC9727,8
284,DC9728,9
292,DC9729,9
2A4,DC972A,9
2B2,DC972B,9
2C0,DC972C,5
2D8,DC972D,5
2E6,DC972E,6
2F3,DC972F,6
2G1,DC972G,6
2H9,DC972H,5
2J5,DC972J,6
2K3,DC972K,6
2L1,DC972L,6
2M9,DC972M,6
2N7,DC972N,6
2P2,DC972P,6
2Q0,DC972Q,6
2R8,DC972R,7
2S6,DC972S,6
2T4,DC972T,6
2U2,DC972U,7
2V0,DC972V,6
2W8,DC972W,7
2X6,DC972X,7
334,DC9733,1
342,DC9734,1
359,DC9735,1
367,DC9736,1
375,DC9737,1
383,DC9738,2
391,DC9739,2
3A2,DC973A,2
3B0,DC973B,2
3C8,DC973C,2
3D6,DC973D,3
3E4,DC973E,3
3F1,DC973F,3
3G9,DC973G,3
3H7,DC973H,3
3J3,DC973J,4
3K1,DC973K,4
3L9,DC973L,4
3M7,DC973M,4
3N5,DC973N,4
3P0,DC973P,4
3Q8,DC973Q,4
3R6,DC973R,5
3S4,DC973S,5
3T2,DC973T,5
3U0,DC973U,5
3V8,DC973V,5
3W6,DC973W,5
3X4,DC973X,5
3Y2,DC973Y,5
3Z9,DC973Z,6
409,DC9740,6
417,DC9741,6
425,DC9742,6
433,DC9743,6
441,DC9744,6
458,DC9745,6
466,DC9746,6
474,DC9747,6
482,DC9748,7
490,DC9749,6
4A0,DC974A,6
4B8,DC974B,7
4C6,DC974C,7
4D4,DC974D,7
4E2,DC974E,7
4F9,DC974F,7
4G7,DC974G,7
4H5,DC974H,7
4J1,DC974J,7
4K9,DC974K,7
4L7,DC974L,7
4M5,DC974M,7
4N3,DC974N,8
4P8,DC974P,7
4V6,DC974V,1
4W4,DC974W,1
4X2,DC974X,1
4Y0,DC974Y,1
4Z7,DC974Z,1
508,DC9750,2
516,DC9751,2
524,DC9752,2
532,DC9753,2
540,DC9754,2
557,DC9755,3
565,DC9756,3
573,DC9757,4
581,DC9758,4
599,DC9759,4
6C1,DC976C,2
6D9,DC976D,2
6E7,DC976E,2
6F4,DC976F,2
6G2,DC976G,2
6H0,DC976H,2
6J6,DC976J,2
6K4,DC976K,2
6L2,DC976L,2
6M0,DC976M,2
6N8,DC976N,4
6P3,DC976P,4
6Q1,DC976Q,4
6R9,DC976R,4
6S7,DC976S,4
6T5,DC976T,4
6U3,DC976U,4
6V1,DC976V,4
6W9,DC976W,4
6X7,DC976X,6
6Y5,DC976Y,6
6Z2,DC976Z,6
706,DC9770,6
714,DC9771,6
722,DC9772,6
730,DC9773,6
748,DC9774,6
755,DC9775,7
763,DC9776,7
771,DC9777,7
789,DC9778,7
797,DC9779,7
7A3,DC977A,7
7B1,DC977B,7
7C9,DC977C,8
7D7,DC977D,8
7E5,DC977E,8
7F2,DC977F,8
7G0,DC977G,8
7H8,DC977H,8
7J4,DC977J,9
7K2,DC977K,9
7L0,DC977L,9
7M8,DC977M,9
7N6,DC977N,9
7P1,DC977P,9
7Q9,DC977Q,9
7R7,DC977R,9
7S5,DC977S,9
7T3,DC977T,9
7U1,DC977U,9
7V9,DC977V,9
7W7,DC977W,9
7X5,DC977X,9
7Y3,DC977Y,9
953,DC9795,4
979,DC9797,6
9S1,DC979S,4
9Y9,DC979Y,5
AS3,DC97AS,5
AT1,DC97AT,5
AU9,DC97AU,5
AV7,DC97AV,5
AW5,DC97AW,5
AX3,DC97AX,5
AY1,DC97AY,6
AZ8,DC97AZ,6
B06,DC97B0,6
B14,DC97B1,6
B22,DC97B2,6
B30,DC97B3,6
B48,DC97B4,6
B55,DC97B5,7
B63,DC97B6,7
B71,DC97B7,7
B89,DC97B8,7
B97,DC97B9,7
BA9,DC97BA,7
BB7,DC97BB,7
BC5,DC97BC,7
BD3,DC97BD,7
BE1,DC97BE,7
BF8,DC97BF,7
BG6,DC97BG,8
BH4,DC97BH,8
BJ0,DC97BJ,7
BK8,DC97BK,8
BL6,DC97BL,8
BM4,DC97BM,8
BN2,DC97BN,8
BP7,DC97BP,8
BQ5,DC97BQ,8
BR3,DC97BR,8
BS1,DC97BS,8
BT9,DC97BT,8
BZ6,DC97BZ,1
C05,DC97C0,1
C13,DC97C1,1
C21,DC97C2,1
C39,DC97C3,1
C47,DC97C4,2
C54,DC97C5,3
C62,DC97C6,3
C70,DC97C7,3
C88,DC97C8,3
C96,DC97C9,4
CA7,DC97CA,4
CB5,DC97CB,4
CC3,DC97CC,4
CD1,DC97CD,4
CE9,DC97CE,5
CF6,DC97CF,5
CG4,DC97CG,5
CH2,DC97CH,5
CJ8,DC97CJ,5
CK6,DC97CK,6
CL4,DC97CL,6
CM2,DC97CM,6
CN0,DC97CN,6
CP5,DC97CP,6
CQ3,DC97CQ,7
CR1,DC97CR,7
CS9,DC97CS,7
CT7,DC97CT,7
CU5,DC97CU,7
CV3,DC97CV,7
CW1,DC97CW,7
CX9,DC97CX,7
CY7,DC97CY,8
CZ4,DC97CZ,8
D04,DC97D0,8
D12,DC97D1,8
D20,DC97D2,8
D38,DC97D3,8
D46,DC97D4,8
D53,DC97D5,8
D61,DC97D6,8
D79,DC97D7,8
D87,DC97D8,8
D95,DC97D9,8
DA5,DC97DA,8
YY3,DC97YY,8
DC1,DC97DC,9
DD9,DC97DD,9
DE7,DC97DE,9
DF4,DC97DF,9
DG2,DC97DG,9
DH0,DC97DH,9
DJ6,DC97DJ,9
DK4,DC97DK,9
EK2,DC97EK,0
EL0,DC97EL,0
EM8,DC97EM,0
EN6,DC97EN,0
EP1,DC97EP,0
EQ9,DC97EQ,1
ER7,DC97ER,1
ES5,DC97ES,1
ET3,DC97ET,1
EU1,DC97EU,0
EV9,DC97EV,0
EW7,DC97EW,1
EX5,DC97EX,1
EY3,DC97EY,1
EZ0,DC97EZ,1
F02,DC97F0,1
F10,DC97F1,1
F28,DC97F2,1
F36,DC97F3,1
F44,DC97F4,1
F51,DC97F5,1
F69,DC97F6,2
F77,DC97F7,2
F85,DC97F8,2
F93,DC97F9,1
FA0,DC97FA,2
FB8,DC97FB,2
FC6,DC97FC,2
FD4,DC97FD,3
FE2,DC97FE,3
FF9,DC97FF,2
FG7,DC97FG,2
FH5,DC97FH,3
FJ1,DC97FJ,3
FK9,DC97FK,3
FL7,DC97FL,3
FM5,DC97FM,3
FN3,DC97FN,3
FP8,DC97FP,4
FQ6,DC97FQ,3
FR4,DC97FR,4
FS2,DC97FS,4
FT0,DC97FT,4
FU8,DC97FU,4
FV6,DC97FV,4
G19,DC97G1,2
G27,DC97G2,2
G35,DC97G3,2
G43,DC97G4,2
G50,DC97G5,2
G68,DC97G6,3
G76,DC97G7,3
G84,DC97G8,3
G92,DC97G9,3
GA8,DC97GA,3
GB6,DC97GB,5
GC4,DC97GC,5
GD2,DC97GD,5
GE0,DC97GE,5
GF7,DC97GF,5
GG5,DC97GG,6
GH3,DC97GH,6
GJ9,DC97GJ,6
GK7,DC97GK,6
GL5,DC97GL,6
GM3,DC97GM,7
GN1,DC97GN,7
GP6,DC97GP,7
GQ4,DC97GQ,7
GR2,DC97GR,7
GS0,DC97GS,8
GT8,DC97GT,8
GU6,DC97GU,8
GV4,DC97GV,8
GW2,DC97GW,8
GX0,DC97GX,8
GY8,DC97GY,8
GZ5,DC97GZ,8
H00,DC97H0,8
H18,DC97H1,9
H26,DC97H2,9
H34,DC97H3,9
H42,DC97H4,9
H59,DC97H5,9
H67,DC97H6,9
H75,DC97H7,9
H83,DC97H8,9
H91,DC97H9,9
HA6,DC97HA,9
HB4,DC97HB,9
HC2,DC97HC,9
HD0,DC97HD,9
HE8,DC97HE,9
HF5,DC97HF,9
HG3,DC97HG,9
HH1,DC97HH,9
HJ7,DC97HJ,9
HK5,DC97HK,9
HL3,DC97HL,9
HM1,DC97HM,9
HT6,DC97HT,2
HU4,DC97HU,2
HV2,DC97HV,2
HW0,DC97HW,2
HX8,DC97HX,2
HY6,DC97HY,4
HZ3,DC97HZ,4
J08,DC97J0,4
J16,DC97J1,4
J24,DC97J2,4
J32,DC97J3,6
J40,DC97J4,6
J57,DC97J5,6
J65,DC97J6,6
J73,DC97J7,6
J81,DC97J8,7
J99,DC97J9,7
JA2,DC97JA,7
JB0,DC97JB,7
JC8,DC97JC,7
JD6,DC97JD,8
JE4,DC97JE,8
JF1,DC97JF,8
JG9,DC97JG,8
JH7,DC97JH,8
JJ3,DC97JJ,9
JK1,DC97JK,9
JL9,DC97JL,9
JM7,DC97JM,9
JN5,DC97JN,9
JP0,DC97JP,9
JQ8,DC97JQ,9
JR6,DC97JR,9
JS4,DC97JS,9
JT2,DC97JT,9
KT0,DC97KT,0
KU8,DC97KU,0
KV6,DC97KV,0
KW4,DC97KW,0
KX2,DC97KX,1
KY0,DC97KY,1
KZ7,DC97KZ,1
L04,DC97L0,1
L12,DC97L1,1
L20,DC97L2,0
L38,DC97L3,1
L46,DC97L4,1
L53,DC97L5,1
L61,DC97L6,1
L79,DC97L7,1
L87,DC97L8,1
L95,DC97L9,1
LA8,DC97LA,1
LB6,DC97LB,1
LC4,DC97LC,2
LD2,DC97LD,2
LE0,DC97LE,2
LF7,DC97LF,2
LG5,DC97LG,2
LH3,DC97LH,2
LJ9,DC97LJ,2
LK7,DC97LK,2
LL5,DC97LL,3
LM3,DC97LM,3
LN1,DC97LN,3
LP6,DC97LP,2
LQ4,DC97LQ,3
LR2,DC97LR,3
LS0,DC97LS,3
LT8,DC97LT,4
LU6,DC97LU,3
LV4,DC97LV,4
LW2,DC97LW,4
LX0,DC97LX,4
LY8,DC97LY,4
LZ5,DC97LZ,4
M03,DC97M0,5
M11,DC97M1,4
M29,DC97M2,5
M37,DC97M3,5
M45,DC97M4,9
M52,DC97M5,9
M60,DC97M6,9
M78,DC97M7,9
M86,DC97M8,9
M94,DC97M9,9
MA6,DC97MA,9
MB4,DC97MB,9
MC2,DC97MC,9
MD0,DC97MD,9
ME8,DC97ME,9
MF5,DC97MF,9
MG3,DC97MG,9
MH1,DC97MH,9
MJ7,DC97MJ,9
MK5,DC97MK,9
ML3,DC97ML,9
MM1,DC97MM,9
MN9,DC97MN,9
MP4,DC97MP,9
PS1,DC97PS,1
PT9,DC97PT,1
PU7,DC97PU,1
PV5,DC97PV,1
PW3,DC97PW,1
PX1,DC97PX,2
PY9,DC97PY,2
PZ6,DC97PZ,2
Q09,DC97Q0,2
Q17,DC97Q1,2
R16,DC97R1,0
R24,DC97R2,0
R32,DC97R3,1
R40,DC97R4,1
R57,DC97R5,1
R65,DC97R6,1
R73,DC97R7,1
R81,DC97R8,1
R99,DC97R9,1
RA5,DC97RA,1
RB3,DC97RB,1
RC1,DC97RC,1
RD9,DC97RD,1
RE7,DC97RE,2
RF4,DC97RF,2
RG2,DC97RG,2
RH0,DC97RH,2
RJ6,DC97RJ,2
RK4,DC97RK,2
RL2,DC97RL,2
RM0,DC97RM,2
RN8,DC97RN,3
RP3,DC97RP,3
RQ1,DC97RQ,3
RR9,DC97RR,2
RS7,DC97RS,3
RT5,DC97RT,3
RU3,DC97RU,3
RV1,DC97RV,4
RW9,DC97RW,4
RX7,DC97RX,3
RY5,DC97RY,4
RZ2,DC97RZ,4
S07,DC97S0,4
S15,DC97S1,5
S23,DC97S2,4
S31,DC97S3,4
S49,DC97S4,5
S56,DC97S5,5
S64,DC97S6,5
S72,DC97S7,5
S80,DC97S8,5
S98,DC97S9,5
SA3,DC97SA,6
SB1,DC97SB,6
SC9,DC97SC,2
SD7,DC97SD,2
SE5,DC97SE,3
SF2,DC97SF,3
SG0,DC97SG,3
SH8,DC97SH,3
SJ4,DC97SJ,3
SK2,DC97SK,3
SL0,DC97SL,3
SM8,DC97SM,4
SN6,DC97SN,4
SP1,DC97SP,4
SQ9,DC97SQ,4
SR7,DC97SR,4
SS5,DC97SS,4
ST3,DC97ST,4
SU1,DC97SU,5
SV9,DC97SV,5
SW7,DC97SW,5
SX5,DC97SX,5
SY3,DC97SY,5
SZ0,DC97SZ,5
T06,DC97T0,5
T14,DC97T1,5
T22,DC97T2,6
T30,DC97T3,5
T48,DC97T4,5
T55,DC97T5,6
T63,DC97T6,6
T71,DC97T7,6
T89,DC97T8,5
T97,DC97T9,6
TA1,DC97TA,6
TB9,DC97TB,6
TC7,DC97TC,6
TD5,DC97TD,5
TE3,DC97TE,6
TF0,DC97TF,6
TG8,DC97TG,6
TH6,DC97TH,7
TJ2,DC97TJ,6
TK0,DC97TK,6
TL8,DC97TL,6
TM6,DC97TM,7
TN4,DC97TN,6
TP9,DC97TP,6
TQ7,DC97TQ,7
TR5,DC97TR,6
TS3,DC97TS,7
TT1,DC97TT,6
U45,DC97U4,1
U52,DC97U5,1
U60,DC97U6,1
U78,DC97U7,1
U86,DC97U8,1
U94,DC97U9,2
UA9,DC97UA,2
UB7,DC97UB,2
UC5,DC97UC,2
UD3,DC97UD,2
UE1,DC97UE,2
UF8,DC97UF,3
UG6,DC97UG,3
UH4,DC97UH,3
UJ0,DC97UJ,3
UK8,DC97UK,3
UL6,DC97UL,3
UM4,DC97UM,4
UN2,DC97UN,4
UP7,DC97UP,4
UQ5,DC97UQ,4
UR3,DC97UR,4
US1,DC97US,4
UT9,DC97UT,4
UU7,DC97UU,5
UV5,DC97UV,5
UW3,DC97UW,5
UX1,DC97UX,5
UY9,DC97UY,5
UZ6,DC97UZ,5
V02,DC97V0,5
V10,DC97V1,5
V28,DC97V2,6
V36,DC97V3,6
V44,DC97V4,6
V51,DC97V5,6
V69,DC97V6,6
V77,DC97V7,6
V85,DC97V8,6
V93,DC97V9,6
W92,DC97W9,0
WA5,DC97WA,1
WB3,DC97WB,1
WC1,DC97WC,1
WD9,DC97WD,1
WE7,DC97WE,1
WF4,DC97WF,1
WG2,DC97WG,1
WH0,DC97WH,1
WJ6,DC97WJ,1
WK4,DC97WK,1
WL2,DC97WL,2
WM0,DC97WM,2
WN8,DC97WN,2
WP3,DC97WP,2
WQ1,DC97WQ,2
WR9,DC97WR,2
WS7,DC97WS,2
WT5,DC97WT,3
WU3,DC97WU,3
WV1,DC97WV,3
WW9,DC97WW,3
WX7,DC97WX,3
WY5,DC97WY,3
WZ2,DC97WZ,3
X00,DC97X0,4
X18,DC97X1,4
X26,DC97X2,4
X34,DC97X3,4
X42,DC97X4,4
X59,DC97X5,4
X67,DC97X6,5
X75,DC97X7,5
X83,DC97X8,5
X91,DC97X9,5
XA3,DC97XA,5
XB1,DC97XB,5
XC9,DC97XC,6
XD7,DC97XD,6
XE5,DC97XE,6
XF2,DC97XF,6
XG0,DC97XG,6
XH8,DC97XH,6
XJ4,DC97XJ,7
XK2,DC97XK,7
YK0,DC97YK,1
YL8,DC97YL,1
YM6,DC97YM,1
YN4,DC97YN,1
YP9,DC97YP,1
YQ7,DC97YQ,1
YR5,DC97YR,1
YS3,DC97YS,1
YT1,DC97YT,1
YU9,DC97YU,2
YV7,DC97YV,2
YW5,DC97YW,2
YX3,DC97YX,2
YY1,DC97YY,2
YZ8,DC97YZ,2
Z08,DC97Z0,2
Z16,DC97Z1,2
Z24,DC97Z2,3
Z32,DC97Z3,3
Z40,DC97Z4,3
Z57,DC97Z5,3
Z65,DC97Z6,4
Z73,DC97Z7,4
Z81,DC97Z8,4
Z99,DC97Z9,4
ZA8,DC97ZA,4
ZB6,DC97ZB,5
ZC4,DC97ZC,5
ZD2,DC97ZD,5
ZE0,DC97ZE,5
ZF7,DC97ZF,5
ZG5,DC97ZG,6
ZH3,DC97ZH,6
ZJ9,DC97ZJ,6
ZK7,DC97ZK,6
ZL5,DC97ZL,6
ZM3,DC97ZM,6
ZN1,DC97ZN,7
ZP6,DC97ZP,7
ZQ4,DC97ZQ,7
ZR2,DC97ZR,7
ZS0,DC97ZS,7
ZT8,DC97ZT,7
ZU6,DC97ZU,8
ZV4,DC97ZV,8
027,DC9802,2
035,DC9803,3
043,DC9804,4
050,DC9805,5
068,DC9806,6
076,DC9807,6
084,DC9808,7
092,DC9809,7
0C3,DC980C,2
0D1,DC980D,4
0E9,DC980E,5
0F6,DC980F,6
0G4,DC980G,6
0H2,DC980H,7
0J8,DC980J,7
0M2,DC980M,3
0N0,DC980N,4
0P5,DC980P,5
0Q3,DC980Q,6
0R1,DC980R,7
0S9,DC980S,7
0V3,DC980V,3
0W1,DC980W,4
0X9,DC980X,6
0Y7,DC980Y,6
0Z4,DC980Z,7
126,DC9812,3
134,DC9813,5
142,DC9814,6
159,DC9815,7
183,DC9818,3
191,DC9819,5
1A5,DC981A,6
1D9,DC981D,3
1E7,DC981E,5
1H0,DC981H,3
1P3,DC981P,3
1Q1,DC981Q,4
1R9,DC981R,5
1S7,DC981S,6
1T5,DC981T,7
1U3,DC981U,7
1V1,DC981V,7
1W9,DC981W,8
1Z2,DC981Z,3
209,DC9820,5
217,DC9821,6
225,DC9822,6
233,DC9823,7
241,DC9824,8
258,DC9825,8
282,DC9828,3
290,DC9829,5
2A3,DC982A,6
2B1,DC982B,7
2C9,DC982C,7
2D7,DC982D,8
2G0,DC982G,3
2H8,DC982H,5
2J4,DC982J,6
2K2,DC982K,7
2L0,DC982L,8
2P1,DC982P,4
2Q9,DC982Q,5
2R7,DC982R,6
2S5,DC982S,7
2V9,DC982V,4
2W7,DC982W,5
2X5,DC982X,6
308,DC9830,4
316,DC9831,5
340,DC9834,4
3A1,DC983A,3
3B9,DC983B,5
3C7,DC983C,6
3D5,DC983D,7
3E3,DC983E,7
3F0,DC983F,8
3G8,DC983G,8
3H6,DC983H,8
3L8,DC983L,4
3M6,DC983M,5
3N4,DC983N,7
3P9,DC983P,7
3Q7,DC983Q,8
3R5,DC983R,8
3S3,DC983S,8
3V7,DC983V,4
3W5,DC983W,6
3X3,DC983X,7
3Y1,DC983Y,8
3Z8,DC983Z,8
407,DC9840,8
431,DC9843,4
449,DC9844,6
456,DC9845,7
464,DC9846,8
472,DC9847,8
4A9,DC984A,4
4B7,DC984B,6
4C5,DC984C,7
4D3,DC984D,8
4G6,DC984G,4
4H4,DC984H,6
4J0,DC984J,7
4M4,DC984M,4
4N2,DC984N,6
4R3,DC984R,4
4X1,DC984X,5
4Y9,DC984Y,6
4Z6,DC984Z,8
506,DC9850,8
514,DC9851,9
522,DC9852,9
530,DC9853,9
548,DC9854,9
571,DC9857,5
589,DC9858,7
597,DC9859,8
5A6,DC985A,8
5B4,DC985B,9
5C2,DC985C,9
5D0,DC985D,9
5G3,DC985G,5
5H1,DC985H,7
5J7,DC985J,8
5K5,DC985K,8
5L3,DC985L,9
5M1,DC985M,9
5Q2,DC985Q,5
5R0,DC985R,7
5S8,DC985S,8
5T6,DC985T,9
5U4,DC985U,9
5X8,DC985X,5
5Y6,DC985Y,7
5Z3,DC985Z,8
605,DC9860,9
639,DC9863,5
647,DC9864,7
654,DC9865,8
688,DC9868,5
696,DC9869,7
6C0,DC986C,5
6J5,DC986J,6
6K3,DC986K,8
6L1,DC986L,9
6M9,DC986M,9
6N7,DC986N,9
6P2,DC986P,9
6Q0,DC986Q,9
6R8,DC986R,9
6U2,DC986U,6
6V0,DC986V,8
6W8,DC986W,9
6X6,DC986X,9
6Y4,DC986Y,9
6Z1,DC986Z,9
704,DC9870,9
738,DC9873,6
746,DC9874,8
753,DC9875,9
761,DC9876,9
779,DC9877,9
787,DC9878,9
7B0,DC987B,6
7C8,DC987C,8
7D6,DC987D,9
7E4,DC987E,9
7F1,DC987F,9
7J3,DC987J,6
7K1,DC987K,8
7L9,DC987L,9
7M7,DC987M,9
7Q8,DC987Q,6
7R6,DC987R,8
7S4,DC987S,9
7V8,DC987V,6
7W6,DC987W,8
7Z9,DC987Z,6
852,DC9885,9
860,DC9886,9
878,DC9887,9
886,DC9888,9
894,DC9889,9
8A0,DC988A,9
8B8,DC988B,9
8C6,DC988C,9
8F9,DC988F,9
8G7,DC988G,9
8H5,DC988H,9
8J1,DC988J,9
8K9,DC988K,9
8L7,DC988L,9
8M5,DC988M,9
8Q6,DC988Q,9
8R4,DC988R,9
8S2,DC988S,9
8T0,DC988T,9
8U8,DC988U,9
8V6,DC988V,9
8Y0,DC988Y,9
8Z7,DC988Z,9
902,DC9890,9
910,DC9891,9
928,DC9892,9
951,DC9895,9
969,DC9896,9
977,DC9897,9
985,DC9898,9
9B6,DC989B,9
9C4,DC989C,9
9D2,DC989D,9
9G5,DC989G,9
9H3,DC989H,9
9L5,DC989L,9
AV5,DC98AV,1
AW3,DC98AW,2
AX1,DC98AX,2
AY9,DC98AY,2
AZ6,DC98AZ,2
B05,DC98B0,2
B13,DC98B1,2
B21,DC98B2,2
B39,DC98B3,2
B47,DC98B4,3
B54,DC98B5,3
B62,DC98B6,3
B70,DC98B7,3
B88,DC98B8,4
B96,DC98B9,4
BA7,DC98BA,4
BB5,DC98BB,4
BC3,DC98BC,5
BD1,DC98BD,5
BE9,DC98BE,5
BF6,DC98BF,5
BG4,DC98BG,5
BH2,DC98BH,5
BJ8,DC98BJ,5
BK6,DC98BK,6
BL4,DC98BL,6
BM2,DC98BM,6
BN0,DC98BN,6
BP5,DC98BP,6
BQ3,DC98BQ,7
BR1,DC98BR,7
BS9,DC98BS,7
BT7,DC98BT,7
BU5,DC98BU,7
BV3,DC98BV,8
BW1,DC98BW,8
BX9,DC98BX,8
BY7,DC98BY,8
BZ4,DC98BZ,8
C04,DC98C0,8
C12,DC98C1,9
C20,DC98C2,9
C38,DC98C3,9
C46,DC98C4,9
C53,DC98C5,9
D52,DC98D5,3
D60,DC98D6,3
D78,DC98D7,3
D86,DC98D8,3
D94,DC98D9,3
DA3,DC98DA,3
YY1,DC98YY,3
DC9,DC98DC,3
DD7,DC98DD,3
DE5,DC98DE,6
DF2,DC98DF,6
DG0,DC98DG,6
DH8,DC98DH,6
DJ4,DC98DJ,6
DK2,DC98DK,6
DL0,DC98DL,6
DM8,DC98DM,6
DN6,DC98DN,8
DP1,DC98DP,8
DQ9,DC98DQ,8
DR7,DC98DR,8
DS5,DC98DS,8
DT3,DC98DT,8
DU1,DC98DU,8
DV9,DC98DV,9
DW7,DC98DW,9
DX5,DC98DX,9
DY3,DC98DY,9
DZ0,DC98DZ,9
E02,DC98E0,9
E10,DC98E1,9
E28,DC98E2,9
E36,DC98E3,9
E44,DC98E4,9
E51,DC98E5,9
E69,DC98E6,9
E77,DC98E7,9
E85,DC98E8,9
E93,DC98E9,9
EA1,DC98EA,9
EB9,DC98EB,9
EC7,DC98EC,9
ED5,DC98ED,9
EE3,DC98EE,9
EF0,DC98EF,9
EG8,DC98EG,6
EH6,DC98EH,6
EJ2,DC98EJ,6
EK0,DC98EK,7
EL8,DC98EL,7
EM6,DC98EM,6
EN4,DC98EN,6
EP9,DC98EP,7
EQ7,DC98EQ,7
ER5,DC98ER,7
ES3,DC98ES,6
ET1,DC98ET,7
EU9,DC98EU,7
EV7,DC98EV,7
EW5,DC98EW,7
EX3,DC98EX,7
EY1,DC98EY,7
EZ8,DC98EZ,7
F01,DC98F0,7
F19,DC98F1,7
FC4,DC98FC,1
FD2,DC98FD,1
FE0,DC98FE,1
FF7,DC98FF,1
FG5,DC98FG,1
FH3,DC98FH,2
FJ9,DC98FJ,2
FK7,DC98FK,2
FL5,DC98FL,2
FM3,DC98FM,2
FN1,DC98FN,3
FP6,DC98FP,3
FQ4,DC98FQ,3
FR2,DC98FR,3
FS0,DC98FS,3
FT8,DC98FT,4
FU6,DC98FU,4
FV4,DC98FV,4
FW2,DC98FW,4
FX0,DC98FX,4
FY8,DC98FY,5
FZ5,DC98FZ,5
G00,DC98G0,5
G18,DC98G1,5
G26,DC98G2,5
G34,DC98G3,5
G42,DC98G4,6
G59,DC98G5,6
G67,DC98G6,6
G75,DC98G7,6
G83,DC98G8,6
G91,DC98G9,6
GA6,DC98GA,6
GB4,DC98GB,6
GC2,DC98GC,7
GD0,DC98GD,6
GE8,DC98GE,7
GF5,DC98GF,7
GG3,DC98GG,7
GH1,DC98GH,7
GJ7,DC98GJ,7
GK5,DC98GK,7
GL3,DC98GL,7
GM1,DC98GM,7
GN9,DC98GN,7
GP4,DC98GP,7
GQ2,DC98GQ,7
GR0,DC98GR,7
GS8,DC98GS,7
GT6,DC98GT,8
GU4,DC98GU,7
GV2,DC98GV,7
GW0,DC98GW,8
GX8,DC98GX,8
GY6,DC98GY,7
GZ3,DC98GZ,8
H09,DC98H0,8
H17,DC98H1,7
H25,DC98H2,8
H33,DC98H3,8
K04,DC98K0,1
K12,DC98K1,1
K46,DC98K4,1
K79,DC98K7,1
KG5,DC98KG,1
KJ9,DC98KJ,2
KK7,DC98KK,2
KL5,DC98KL,2
KP6,DC98KP,2
KR2,DC98KR,2
KS0,DC98KS,3
KT8,DC98KT,3
KU6,DC98KU,4
KY8,DC98KY,4
L03,DC98L0,4
L29,DC98L2,5
L37,DC98L3,5
L52,DC98L5,5
L86,DC98L8,5
L94,DC98L9,5
LA6,DC98LA,5
LB4,DC98LB,6
LC2,DC98LC,6
LD0,DC98LD,6
LE8,DC98LE,6
LF5,DC98LF,6
LG3,DC98LG,6
LH1,DC98LH,6
LJ7,DC98LJ,6
LK5,DC98LK,6
LL3,DC98LL,7
LM1,DC98LM,7
LN9,DC98LN,7
LP4,DC98LP,7
LQ2,DC98LQ,7
LR0,DC98LR,7
LS8,DC98LS,7
LT6,DC98LT,7
LU4,DC98LU,8
LV2,DC98LV,8
LW0,DC98LW,7
LX8,DC98LX,8
LY6,DC98LY,8
LZ3,DC98LZ,8
M02,DC98M0,8
M10,DC98M1,8
M28,DC98M2,8
M36,DC98M3,8
M44,DC98M4,8
M51,DC98M5,8
M69,DC98M6,8
M77,DC98M7,8
M85,DC98M8,8
M93,DC98M9,8
MA4,DC98MA,8
MB2,DC98MB,8
MC0,DC98MC,8
MD8,DC98MD,8
ME6,DC98ME,8
MF3,DC98MF,8
MS6,DC98MS,1
MT4,DC98MT,1
MU2,DC98MU,1
MV0,DC98MV,1
MW8,DC98MW,1
MX6,DC98MX,2
MY4,DC98MY,2
MZ1,DC98MZ,2
N01,DC98N0,2
N19,DC98N1,2
N27,DC98N2,4
N35,DC98N3,4
N43,DC98N4,4
N50,DC98N5,4
N68,DC98N6,4
N76,DC98N7,5
N84,DC98N8,5
N92,DC98N9,5
NA2,DC98NA,5
NB0,DC98NB,5
NC8,DC98NC,6
ND6,DC98ND,6
NE4,DC98NE,6
NF1,DC98NF,6
NG9,DC98NG,6
NH7,DC98NH,7
NJ3,DC98NJ,7
NK1,DC98NK,7
NL9,DC98NL,7
NM7,DC98NM,7
NN5,DC98NN,8
NP0,DC98NP,8
NQ8,DC98NQ,8
NR6,DC98NR,8
NS4,DC98NS,8
NT2,DC98NT,8
NU0,DC98NU,8
NV8,DC98NV,8
NW6,DC98NW,8
NX4,DC98NX,8
NY2,DC98NY,8
NZ9,DC98NZ,8
P09,DC98P0,9
P17,DC98P1,9
P25,DC98P2,9
P33,DC98P3,8
P41,DC98P4,9
P58,DC98P5,9
P66,DC98P6,9
P74,DC98P7,9
P82,DC98P8,9
P90,DC98P9,9
PA7,DC98PA,9
PB5,DC98PB,9
PC3,DC98PC,9
PD1,DC98PD,9
PE9,DC98PE,9
PF6,DC98PF,9
PG4,DC98PG,9
PH2,DC98PH,9
PU5,DC98PU,2
PV3,DC98PV,2
PW1,DC98PW,2
PX9,DC98PX,2
PY7,DC98PY,2
PZ4,DC98PZ,4
Q08,DC98Q0,4
Q16,DC98Q1,4
Q24,DC98Q2,4
Q32,DC98Q3,4
Q40,DC98Q4,5
Q57,DC98Q5,5
Q65,DC98Q6,5
Q73,DC98Q7,5
Q81,DC98Q8,5
Q99,DC98Q9,7
QA5,DC98QA,7
QB3,DC98QB,7
QC1,DC98QC,7
QD9,DC98QD,7
QE7,DC98QE,8
QF4,DC98QF,8
QG2,DC98QG,8
QH0,DC98QH,8
QJ6,DC98QJ,8
QK4,DC98QK,8
QL2,DC98QL,8
QM0,DC98QM,8
QN8,DC98QN,8
QP3,DC98QP,8
QQ1,DC98QQ,9
QR9,DC98QR,9
QS7,DC98QS,9
QT5,DC98QT,9
QU3,DC98QU,9
QV1,DC98QV,9
QW9,DC98QW,9
QX7,DC98QX,9
QY5,DC98QY,9
QZ2,DC98QZ,9
R07,DC98R0,9
R15,DC98R1,9
R23,DC98R2,9
R31,DC98R3,9
R49,DC98R4,9
R56,DC98R5,9
R64,DC98R6,9
R72,DC98R7,9
R80,DC98R8,9
R98,DC98R9,9
RA3,DC98RA,9
RB1,DC98RB,9
RC9,DC98RC,9
RD7,DC98RD,9
RE5,DC98RE,9
RF2,DC98RF,9
RG0,DC98RG,9
RH8,DC98RH,9
RJ4,DC98RJ,9
RK2,DC98RK,9
SC7,DC98SC,0
SD5,DC98SD,0
SE3,DC98SE,0
SF0,DC98SF,0
SG8,DC98SG,0
SH6,DC98SH,0
SJ2,DC98SJ,0
SK0,DC98SK,0
SL8,DC98SL,0
SM6,DC98SM,0
SN4,DC98SN,0
SP9,DC98SP,0
SQ7,DC98SQ,0
SR5,DC98SR,0
SS3,DC98SS,0
ST1,DC98ST,0
SU9,DC98SU,1
SV7,DC98SV,1
